filepath,class_name,binary_label,model_name,nsfw_probability,predicted_label,latency_ms
/workspace/raw_data/hentai/69832a6f4e8aa314d5cbb15e83b7664d711faf33c06d0c2958be15b63401e9fe.jpg,hentai,NSFW,vit_freepik_eva02,0.9999123215675354,NSFW,3033.1517420000296
/workspace/raw_data/hentai/3a3fc7dd593aee37b4de19f285507c2f18f0241e79225b318923f085e304bbe1.jpg,hentai,NSFW,vit_freepik_eva02,0.9515076279640198,NSFW,673.3665059999794
/workspace/raw_data/drawings/ed87dd874f5139620bb41b09c8b84b28b53ee309a47d5e4da1d50b4c815f10af.jpg,drawings,SFW,vit_freepik_eva02,0.001578640891239047,SFW,670.9861589999946
/workspace/raw_data/neutral/244f7f82452d2080b6f9e2ebdd5eff900c20f4e603e4a1e65ec98040529c607e.jpg,neutral,SFW,vit_freepik_eva02,0.0009210111456923187,SFW,666.348384999992
/workspace/raw_data/drawings/79d1c5defcc5b3f3188a08d1fbbdb799fc922fd64de40ef863d7da8e428e43e7.jpg,drawings,SFW,vit_freepik_eva02,0.0146045396104455,SFW,672.6061779999668
/workspace/raw_data/sexy/dc088d2d2b126ee68c80d7fa4cd5c1cca7d8e6dd32f41a75afabd1f2bc5c1d2e.jpg,sexy,NSFW,vit_freepik_eva02,0.9948616027832031,NSFW,666.4662979999889
/workspace/raw_data/drawings/ddbb98486f9c74b39ec85649d07e30e8514a558062b9e686f424ffa9c11e5493.jpg,drawings,SFW,vit_freepik_eva02,0.027793148532509804,SFW,667.5623190000124
/workspace/raw_data/drawings/fb8b79754a36faf467554f58e362fb59f64b1bcb0de569d46ece48cb9fe8a98d.jpg,drawings,SFW,vit_freepik_eva02,0.18579761683940887,SFW,669.2801089999989
/workspace/raw_data/sexy/11fd2d11bf0ac477bbad0b34eb28577b57baa65c07fceece4600bc09dd79d42f.jpg,sexy,NSFW,vit_freepik_eva02,0.8793106079101562,NSFW,668.0967779999492
/workspace/raw_data/drawings/df949eea9b9b1954ed971753ac2e6966eca0674cf2dc92643c4fa9c72cc7ce78.jpg,drawings,SFW,vit_freepik_eva02,0.00814206525683403,SFW,668.0086689999598
/workspace/raw_data/porn/c9d868753c3e3cecce3bb0d89af56f2baa1abc842411658c415ac5661c62e4d7.jpg,porn,NSFW,vit_freepik_eva02,0.9999994039535522,NSFW,666.6682199999627
/workspace/raw_data/neutral/16b6882821009f1318b6184cb78af582806f7107ea63d19347e531eeafe66439.jpg,neutral,SFW,vit_freepik_eva02,6.038989158696495e-05,SFW,670.2014119999831
/workspace/raw_data/neutral/6d8104662f901595e2ee4bd930989f62c949a2153bc0c0a65c1d6846796864fc.jpg,neutral,SFW,vit_freepik_eva02,0.028005115687847137,SFW,667.6853329999517
/workspace/raw_data/hentai/a60d75f0f87f61f94c057c9c474bc467142c9b89652577185136c116b585ad7a.jpg,hentai,NSFW,vit_freepik_eva02,0.9956421852111816,NSFW,665.5876000000376
/workspace/raw_data/drawings/7424de958899da3bf04295a35a44ed82d31b2ee2bcb6f1a416c571fa5ff341b5.jpg,drawings,SFW,vit_freepik_eva02,0.005910077597945929,SFW,667.0438989999639
/workspace/raw_data/sexy/ab3c2cfd60d34484fab044d0d8a5cd21b254a259e3ae3ebe6073a01fa8faf8ae.jpg,sexy,NSFW,vit_freepik_eva02,0.9864056706428528,NSFW,669.9081209999918
/workspace/raw_data/drawings/052bac737174b4b3a2b6d868fc6659cbf62361c99d63b90de8e24dee7253a62b.jpg,drawings,SFW,vit_freepik_eva02,0.010627910494804382,SFW,675.0495950000186
/workspace/raw_data/drawings/b5890eea535b3d2ba07b6ce05b238324b26efd779c8c11a81c27f3aada560f5b.jpg,drawings,SFW,vit_freepik_eva02,0.0074343071319162846,SFW,666.3017179999997
/workspace/raw_data/porn/626534d5c4916700529afbb8a079c2594f521d10d3fc2642209a34e89adf2a5c.jpg,porn,NSFW,vit_freepik_eva02,0.9999999403953552,NSFW,666.0725919999777
/workspace/raw_data/neutral/dbe077c1b397b920fbe7a353ab2ce274f027f24a53dcfd6ecbe90acfea1adfd9.jpg,neutral,SFW,vit_freepik_eva02,0.8366115093231201,NSFW,671.6733179999892
/workspace/raw_data/hentai/6161158.jpg,hentai,NSFW,vit_freepik_eva02,0.9999969601631165,NSFW,665.7967609999673
/workspace/raw_data/sexy/bf98dc0a7f5687a4c102ae6e554040d5b6507ded5539a02cc592bf1a546aa02a.jpg,sexy,NSFW,vit_freepik_eva02,0.8685247302055359,NSFW,665.8479669999906
/workspace/raw_data/neutral/46fdd2de25add150e9ed6d0dd651ccb476a966866c55a9d80367f5f33595185a.jpg,neutral,SFW,vit_freepik_eva02,0.003151897806674242,SFW,666.7899720000037
/workspace/raw_data/porn/51b4e901329c2f13f1c941c9793e42ee0aaf31d95845d41e88a0c619390c75d6.jpg,porn,NSFW,vit_freepik_eva02,0.9999999403953552,NSFW,666.4437329999942
/workspace/raw_data/neutral/873904af436158641ceec7a213fae2d1eedcda3dbc97c324fb06a5e53a25df80.jpg,neutral,SFW,vit_freepik_eva02,0.0006669704453088343,SFW,677.1343290000118
/workspace/raw_data/hentai/cbdbdb3d020ff6bed19c2e271e770c12f7f6fdac260921ae13d09f26d5ce808c.jpg,hentai,NSFW,vit_freepik_eva02,0.9750906825065613,NSFW,664.998072000003
/workspace/raw_data/sexy/e97fce0f730dfc0d27d08c777d04ed78752ca4a13416ad67d2b6d9d991e580a7.jpg,sexy,NSFW,vit_freepik_eva02,0.9993896484375,NSFW,665.3944540000225
/workspace/raw_data/drawings/37c0adb32282851876dc362854118e0c75ef6093b1489b214aa4f3b6a3e48939.jpg,drawings,SFW,vit_freepik_eva02,0.006478637922555208,SFW,672.1038730000259
/workspace/raw_data/porn/3b76496fb0f5e5aeb5dff88c5fff1ac4e973f9598416f2a5807a42827358a05e.jpg,porn,NSFW,vit_freepik_eva02,0.999974250793457,NSFW,666.7070729999978
/workspace/raw_data/neutral/c0cf01d948842c6bf2d56068155bffb0e949e15670df171ebc63b9934b813779.jpg,neutral,SFW,vit_freepik_eva02,0.00262473919428885,SFW,664.5654350000427
/workspace/raw_data/hentai/1383809.jpg,hentai,NSFW,vit_freepik_eva02,0.9999638795852661,NSFW,663.7224419999939
/workspace/raw_data/hentai/1abe7793675bf2444e561624e30608d4bf887a4f845ef8e5b873cbfcc6f23931.jpg,hentai,NSFW,vit_freepik_eva02,0.9999987483024597,NSFW,674.8510780000174
/workspace/raw_data/sexy/f4e793ec5452e67e0c3db8c1a7c4e6c0180c9d23625c85fa642decd951f3a182.jpg,sexy,NSFW,vit_freepik_eva02,0.999987781047821,NSFW,680.726930999981
/workspace/raw_data/drawings/0496d0dcc3f39c6064d896bf8506b6e79c5e25b00b401170f262a20da8bbbec1.jpg,drawings,SFW,vit_freepik_eva02,0.0010662938002496958,SFW,668.250444000023
/workspace/raw_data/hentai/80315487_p0_master1200.jpg,hentai,NSFW,vit_freepik_eva02,0.999998927116394,NSFW,674.1296980000016
/workspace/raw_data/hentai/a17f42097e88b10b4ff1ba684a39cb5a9ab507d3c9b432ab913f918da432a4d0.jpg,hentai,NSFW,vit_freepik_eva02,0.9999974966049194,NSFW,671.9637570000145
/workspace/raw_data/porn/5dfec6d4f58a21528e5600edf324490d6037e026daa88aa1abff23a5f6d5e6fe.jpg,porn,NSFW,vit_freepik_eva02,0.9999918937683105,NSFW,671.0530560000052
/workspace/raw_data/drawings/21009525f8858cc256304a3037aeff36de8477bf0515a7cace46dbc4795ae2a0.jpg,drawings,SFW,vit_freepik_eva02,0.03391295298933983,SFW,672.3870789999182
/workspace/raw_data/porn/5249fd9caefced50bd514e3035af1b61b43ba2ce76651c5a698316534ac0ee4f.jpg,porn,NSFW,vit_freepik_eva02,0.9999999403953552,NSFW,671.1818889999677
/workspace/raw_data/neutral/cd536b8eefa2db4c240dc310856a73a7116b640771d76e35d1533c8517097933.jpg,neutral,SFW,vit_freepik_eva02,0.03498022258281708,SFW,671.2007910000466
/workspace/raw_data/drawings/859736a13469b5aabe70ea0f48e5c0a58b2e3b8a1a5fc582c867dece9424b135.jpg,drawings,SFW,vit_freepik_eva02,0.0008170504006557167,SFW,675.3400339999871
/workspace/raw_data/porn/89d7a8ec0c4fb59ec9a6c483ce0af4fbd0534ad04ef336c8a3478262e7a298bc.jpg,porn,NSFW,vit_freepik_eva02,0.9995960593223572,NSFW,669.157972999983
/workspace/raw_data/drawings/635a4496bc1db38a8ef58909ff7ffeee96a335ae3a209a8269c37aa70e90f55a.jpg,drawings,SFW,vit_freepik_eva02,0.0029412272851914167,SFW,676.0724119999395
/workspace/raw_data/neutral/6c25b4ee1c4613515594808f3827ab6f7800672adf0ad40158e344d376944042.jpg,neutral,SFW,vit_freepik_eva02,0.01326808799058199,SFW,671.7392489999838
/workspace/raw_data/neutral/a6b7ed7e6eeff36539a4a59d393c4fabb0d1d4b067085f85126556862f3894ba.jpg,neutral,SFW,vit_freepik_eva02,0.0012475206749513745,SFW,673.0013840000311
/workspace/raw_data/sexy/15b0668c50ac151e4e7d92b7821bd1c9e23080e2359343a7eeb3b168b477e6a8.jpg,sexy,NSFW,vit_freepik_eva02,0.9999982714653015,NSFW,672.6135420000219
/workspace/raw_data/hentai/35b1fa80f370a47adb1c8f9b8139f3959fb4a3604268ca4ed0e645e2a456ab97.jpg,hentai,NSFW,vit_freepik_eva02,0.09654425829648972,SFW,683.3127869999771
/workspace/raw_data/porn/a03417bab8d21403fa60544d9e942307f758eed9c90ddccb19c598b79f1a6caf.jpg,porn,NSFW,vit_freepik_eva02,0.9999923706054688,NSFW,668.9618520000522
/workspace/raw_data/sexy/86bb2134321008e422fce03c8f3df67cb6ef57e4898a74f2e397251d79dc1bfa.jpg,sexy,NSFW,vit_freepik_eva02,0.980988621711731,NSFW,684.5355169999721
/workspace/raw_data/hentai/c14436059de04cbde2f867601be05d4c1582664541240b664f490878d686c2be.jpg,hentai,NSFW,vit_freepik_eva02,0.9411746263504028,NSFW,675.3109599999334
/workspace/raw_data/drawings/53b83e1383cb20a0bba1b4bfa4dcb73c953d4dde0c5b3513f19e35b57c9b10e1.jpg,drawings,SFW,vit_freepik_eva02,0.9469459652900696,NSFW,675.4691520000051
/workspace/raw_data/porn/99683472615a18c48e77404bc78754b5b2228ba78dbe908d78a1b0dd6ac23821.jpg,porn,NSFW,vit_freepik_eva02,0.9999945759773254,NSFW,678.0407420000074
/workspace/raw_data/porn/236a6a38aedea3e14e76228fe824515ce25ac0acd444def8fa7930f5533a87ee.jpg,porn,NSFW,vit_freepik_eva02,0.7938322424888611,NSFW,673.6146439999402
/workspace/raw_data/porn/6bb65e8c3198f3748f2d54d5ae2b218447fe906d917cab15187f93e9a40dca1b.jpg,porn,NSFW,vit_freepik_eva02,1.0,NSFW,669.4265730000097
/workspace/raw_data/neutral/cb897d767d62783efc4d786c1bf2a668dbc24b098eefbd7b1fe02366e1556c69.jpg,neutral,SFW,vit_freepik_eva02,0.0004941743100062013,SFW,674.2837189999591
/workspace/raw_data/neutral/48a839f61e7b703255c01dc85a467c0ffd7e75b0f7d0c416b1e475766a473ea1.jpg,neutral,SFW,vit_freepik_eva02,0.00022868660744279623,SFW,670.1237510000055
/workspace/raw_data/porn/54fd829763242388b0640323104a7b85c16db843975a1b53ee5f4dfdc1661664.jpg,porn,NSFW,vit_freepik_eva02,0.9999998211860657,NSFW,670.4831910000166
/workspace/raw_data/sexy/76938595a88fa6d9d534c5028c61347b59a985f3efca6f95486a85c922d46218.jpg,sexy,NSFW,vit_freepik_eva02,0.9996373653411865,NSFW,670.2229620000253
/workspace/raw_data/sexy/13bec47dbf1777c39d538a984255df1571bb832b4d950696101f9dd86e7aff00.jpg,sexy,NSFW,vit_freepik_eva02,0.9991538524627686,NSFW,670.3760799999827
/workspace/raw_data/drawings/8bd1c3d8d5445e2ae46a211206975e6f130d0c13c8bc6bd232d88e96f8438925.jpg,drawings,SFW,vit_freepik_eva02,0.00027651479467749596,SFW,671.6513229999919
/workspace/raw_data/neutral/05de8baae64da0cd2f69a5237ac423ff43c7f02d54b98b92f5a7b97b2565f194.jpg,neutral,SFW,vit_freepik_eva02,3.74914234271273e-05,SFW,673.2076020000477
/workspace/raw_data/sexy/3210df741005675a2c0c324d67bc9d0fda61dc3d3f5f1e97fbf50ed13a0867cf.jpg,sexy,NSFW,vit_freepik_eva02,0.9994240999221802,NSFW,670.6318869998995
/workspace/raw_data/porn/ce03ccc70027ff92ba6cf267941115a5cc59f9afc83a87618f5d4cce48c40683.jpg,porn,NSFW,vit_freepik_eva02,0.9999997615814209,NSFW,679.0973399999984
/workspace/raw_data/hentai/94302310_p1_master1200.jpg,hentai,NSFW,vit_freepik_eva02,0.9999834299087524,NSFW,678.3175529999426
/workspace/raw_data/porn/553cb40e0ad459800d676e3d8e0438b7bd63380d8433aa84ac14432b969b6d89.jpg,porn,NSFW,vit_freepik_eva02,0.9999998807907104,NSFW,672.3150770000075
/workspace/raw_data/drawings/8f787ff6959d70a65f1ca0c5e652ded90d749c304253a846e7cf82df2a9a092d.jpg,drawings,SFW,vit_freepik_eva02,0.03105022944509983,SFW,676.8594890000941
/workspace/raw_data/neutral/3ea406be20b8f0152861056558952b23381086a2ddbccaf47a5d0768769c80ad.jpg,neutral,SFW,vit_freepik_eva02,0.001521881902590394,SFW,682.0109699999648
/workspace/raw_data/porn/54ef196f4de251d17299402b88e91806748640ec2e5243ceff4d051972e42a31.jpg,porn,NSFW,vit_freepik_eva02,1.0,NSFW,673.4482040000103
/workspace/raw_data/sexy/c8acec4c2dcd4996dc2d7d33c1a7b082243a9dcf31ddd7f25d742c379979d686.jpg,sexy,NSFW,vit_freepik_eva02,0.9978750348091125,NSFW,672.8476359999149
/workspace/raw_data/sexy/8e2982a73bb2af2c7217bb54d34f0a0e4fe3961c30d14af437d559b2903fc0fc.jpg,sexy,NSFW,vit_freepik_eva02,0.9902585744857788,NSFW,670.6879930000014
/workspace/raw_data/neutral/d6a038b295a737590afec4439a96d1cd43249e7bc6b8222741d59416221a0256.jpg,neutral,SFW,vit_freepik_eva02,0.010666754096746445,SFW,667.5374379999539
/workspace/raw_data/neutral/c1372d288a0c79a204d622535efebd3f4f142f3a115341d433dece3a36ecbe63.jpg,neutral,SFW,vit_freepik_eva02,0.004488982725888491,SFW,675.3386170000795
/workspace/raw_data/drawings/080a6b11763e81b9479919b815b71dd99885108d069ac0ee31aa8bc56e42ae6f.jpg,drawings,SFW,vit_freepik_eva02,0.0015635790769010782,SFW,672.2252179999941
/workspace/raw_data/porn/2b5ff099c687387fa65d3105a538c8319b83134ac5bdc44ca95e90adb4df8a73.jpg,porn,NSFW,vit_freepik_eva02,0.9999421834945679,NSFW,676.1993300000313
/workspace/raw_data/sexy/a8566898d929944436acdde2c8d222d91d05f2b00b4f363a225ded5a22ea2d2f.jpg,sexy,NSFW,vit_freepik_eva02,0.9999994039535522,NSFW,669.8284249999915
/workspace/raw_data/sexy/92ab1f38bc725dc9f12714e9a4c73100d6270ac2a0735af1b22fbb2d376e5046.jpg,sexy,NSFW,vit_freepik_eva02,0.9999838471412659,NSFW,674.5809499999496
/workspace/raw_data/neutral/448ba43cdc985a9a8f7c6df5c9f04a80ab0479c7be1cc6b79380bb409804a681.jpg,neutral,SFW,vit_freepik_eva02,0.01170261763036251,SFW,674.6868620000441
/workspace/raw_data/hentai/83921393_p1_master1200.jpg,hentai,NSFW,vit_freepik_eva02,0.8926613926887512,NSFW,679.3743800000129
/workspace/raw_data/hentai/76975594_p3_master1200.jpg,hentai,NSFW,vit_freepik_eva02,0.7486798763275146,NSFW,672.5433240000029
/workspace/raw_data/hentai/eac9a773c48380adde59a7587de8ac8e5ba493dff2dce510133ad6d27ac75979.jpg,hentai,NSFW,vit_freepik_eva02,0.9999184012413025,NSFW,676.651379999953
/workspace/raw_data/porn/d96d73a1b96586bb9a15cd99ab105b65260110d1914efefa45881f0dfa545908.jpg,porn,NSFW,vit_freepik_eva02,0.9999998211860657,NSFW,671.3951969999243
/workspace/raw_data/sexy/2b8bd080b04292c852b9bb5a16da2b54b7c9f00db1c294138cbd7d141d90d760.jpg,sexy,NSFW,vit_freepik_eva02,0.9164466261863708,NSFW,672.869760000026
/workspace/raw_data/neutral/e769845c19ed0ab09f18102dd8f7d558476a7b7f2b6e59afd31d3f1e7446e77c.jpg,neutral,SFW,vit_freepik_eva02,0.0034859064035117626,SFW,668.5554819999879
/workspace/raw_data/sexy/29be9c19bc5c3aa8f93e3fb890bd7ca3628a372e20f03b84c49ffe450b41494c.jpg,sexy,NSFW,vit_freepik_eva02,0.9989593625068665,NSFW,670.8208339999828
/workspace/raw_data/sexy/35b444cf7d5daf5ce52e1783bc6a66fdaaea049312625b181497603634ae501b.jpg,sexy,NSFW,vit_freepik_eva02,0.9996939897537231,NSFW,671.2762250000424
/workspace/raw_data/porn/17260d49206e61a1660cb97a5ea1f303340c03b2b28c16f69a24bba1b4e24cf8.jpg,porn,NSFW,vit_freepik_eva02,0.9999997019767761,NSFW,673.2564269999557
/workspace/raw_data/sexy/2eaeabb321f783d9ab28f8435d174356bcc08b73ed5bb8879683e44d7c9dccdc.jpg,sexy,NSFW,vit_freepik_eva02,0.9999997615814209,NSFW,671.2595410000404
/workspace/raw_data/porn/4982cc142c9c9646c3dd51c13cf747467379d9eda8abac22f33d231f960ff4b8.jpg,porn,NSFW,vit_freepik_eva02,0.9999993443489075,NSFW,673.6113590000059
/workspace/raw_data/hentai/99254715_p1_master1200.jpg,hentai,NSFW,vit_freepik_eva02,0.9466128349304199,NSFW,682.0406389999789
/workspace/raw_data/sexy/ea91e246752db484c226019cb4955d4f5a46b95224e2586477de45a7cb2c54e3.jpg,sexy,NSFW,vit_freepik_eva02,0.9991499185562134,NSFW,669.8297089999414
/workspace/raw_data/neutral/be37c7518cc225fdd2e4e203f9bc59452a3e2a4715c9a865072bf70fa065326d.jpg,neutral,SFW,vit_freepik_eva02,0.003837645286694169,SFW,669.9494199999663
/workspace/raw_data/hentai/82265692_p0_master1200.jpg,hentai,NSFW,vit_freepik_eva02,0.007710006553679705,SFW,671.0046169999941
/workspace/raw_data/drawings/7d5622455159f6d0fc253a7e42eefc72f3ee010908dbdfa1f9674ca4880572a1.jpg,drawings,SFW,vit_freepik_eva02,0.038505107164382935,SFW,672.6309679999076
/workspace/raw_data/porn/76e50b2028154ab78c3f350825514364f51e97133138bc6240f96bfef6bb11b9.jpg,porn,NSFW,vit_freepik_eva02,0.9999979734420776,NSFW,669.8902139999063
/workspace/raw_data/neutral/46d2235357fd4abf3ce05bc4207571f7f1809a4794e2d9e0fb7ed1a2e30e81a2.jpg,neutral,SFW,vit_freepik_eva02,0.8873428106307983,NSFW,667.4323870000762
/workspace/raw_data/drawings/08a299d872cba89faca6a62d9058fcc1710e95e36b1b1eed13a188c460573dac.jpg,drawings,SFW,vit_freepik_eva02,0.0016026049852371216,SFW,670.7044810000298
/workspace/raw_data/drawings/3769ac6eb5028c8954c44e1dfac3c62df7100839228360d6629eb8fab7855a74.jpg,drawings,SFW,vit_freepik_eva02,0.0004525821132119745,SFW,675.7893110000168
/workspace/raw_data/neutral/7a84d0cb7828a78d7c7be603348d3fe063b3661185907cebf4f5dead25f7738d.jpg,neutral,SFW,vit_freepik_eva02,0.008703893981873989,SFW,670.5795110000281
/workspace/raw_data/hentai/5284372.jpg,hentai,NSFW,vit_freepik_eva02,0.9999907612800598,NSFW,673.5265499999059
/workspace/raw_data/drawings/fb145ed323678de2da7d371be103177d1d6555449488059ad1d5c8f374488964.jpg,drawings,SFW,vit_freepik_eva02,0.0024144849739968777,SFW,679.6320540000806
/workspace/raw_data/neutral/87579a5434fb10b2902e153bc63425b475043d22ce5fd1c89974c93ef18e1efb.jpg,neutral,SFW,vit_freepik_eva02,0.07354513555765152,SFW,681.5266730000076
/workspace/raw_data/hentai/c0caf0cae4256bb78f302dfe7883b49f2458a2ffc4dd8b57042402fe46607c1e.jpg,hentai,NSFW,vit_freepik_eva02,0.9999955296516418,NSFW,682.2812599999679
/workspace/raw_data/sexy/5ef87a9af499a3c2f5eb34c0d687ef718bfac25a7d42118b3b01edcaf15cd46c.jpg,sexy,NSFW,vit_freepik_eva02,0.9997974634170532,NSFW,681.361653999943
/workspace/raw_data/sexy/2a5fc8f724ed3d5b764ac897fff8bceb810e3f045780a0a6e47e0bf73770f43f.jpg,sexy,NSFW,vit_freepik_eva02,0.9997708201408386,NSFW,670.1423599999998
/workspace/raw_data/sexy/3b754b13089980a43b2bab36ae8720bacba05c005bb0ffce1e1f917c3ee82871.jpg,sexy,NSFW,vit_freepik_eva02,0.9845564365386963,NSFW,674.2368320000196
/workspace/raw_data/neutral/3c5b6cd4972934b9f2ef0eaf671cde6f0ae28cb8c5d5b6b552f205a84c531ee0.jpg,neutral,SFW,vit_freepik_eva02,7.395872671622783e-05,SFW,672.4760289999949
/workspace/raw_data/neutral/2050af5236d422b68ad0de2809b0693122b76a5c177fa5574e48f42a38c630a3.jpg,neutral,SFW,vit_freepik_eva02,0.0006717495271004736,SFW,672.993889000054
/workspace/raw_data/neutral/392d543255a27484d37c4f3fa0a8fd4a1d03a4377e492acb96ca9cbe2efe62d6.jpg,neutral,SFW,vit_freepik_eva02,0.00018775799253489822,SFW,672.33386099997
/workspace/raw_data/drawings/141e6b10adee90e1e0a2059aea7b5b2a0dc98d7c18b071b28e8febb3c5e09d1d.jpg,drawings,SFW,vit_freepik_eva02,0.0072953300550580025,SFW,671.3895670000056
/workspace/raw_data/porn/747be83274ef036e73f589b7016e9e961aa1c384ad8ffeef87a9b838a0f5049f.jpg,porn,NSFW,vit_freepik_eva02,0.9999999403953552,NSFW,669.4824489999291
/workspace/raw_data/neutral/f271b404e361ccf8e324d9ae15e39824c2f03c43a9121a87c1195f3b4fdf7208.jpg,neutral,SFW,vit_freepik_eva02,0.2187420129776001,SFW,674.7683510000115
/workspace/raw_data/neutral/c48944f6b0067bb6b3d3946b2a5d7d4bc1e306510420ded7018b6b0ff52eb03b.jpg,neutral,SFW,vit_freepik_eva02,0.17198020219802856,SFW,678.1752379999944
/workspace/raw_data/sexy/1af35d890321a2a864b2d0ebf91fc6c7611c797cd1c0ea6ce93d7a2b14b42ae2.jpg,sexy,NSFW,vit_freepik_eva02,0.9975544214248657,NSFW,680.7029249999914
/workspace/raw_data/drawings/11e1844a1709626cbfea107824147318681bcabf9e50edeaebbca180cceb430e.jpg,drawings,SFW,vit_freepik_eva02,0.0065834978595376015,SFW,686.3716699999713
/workspace/raw_data/drawings/3d8e0bdc0e450c5768c8cf9c966e03243d3ac3131096773e71122b4a0773d0a7.jpg,drawings,SFW,vit_freepik_eva02,0.03493543341755867,SFW,670.3603490000205
/workspace/raw_data/sexy/18894a770defbd6a4783015608719c8fc790b2d0283ad1607e541837c93ae4e3.jpg,sexy,NSFW,vit_freepik_eva02,0.9989061951637268,NSFW,670.3707499999609
/workspace/raw_data/drawings/d727400b85fe67d03f6b7ae26f86c8013d656a760ec5e0b3b10df659caf2f8ca.jpg,drawings,SFW,vit_freepik_eva02,0.0008271543774753809,SFW,672.2364629999902
/workspace/raw_data/porn/8fead91f1b6233104283c06ca7e036cbff66848eea0de7d67fdcbf9c7053cb63.jpg,porn,NSFW,vit_freepik_eva02,0.9999960064888,NSFW,671.6707990000259
/workspace/raw_data/neutral/2dbb64ddfea8dbf6ed97febde2e89d4c76f5beca37fd09616882005fd7bfa476.jpg,neutral,SFW,vit_freepik_eva02,0.20316042006015778,SFW,673.6159929999985
/workspace/raw_data/drawings/77e14d603feb6c5e20b4f1c6c63e9f9acb49dc745c6c26653edecf84d49e5bec.jpg,drawings,SFW,vit_freepik_eva02,0.0012720802333205938,SFW,671.7887849999897
/workspace/raw_data/neutral/80f144afe28387d013dc4c635b3f07a3f7825a53bcc29bed1a41088ded3405f5.jpg,neutral,SFW,vit_freepik_eva02,0.06235703453421593,SFW,666.0437829999637
/workspace/raw_data/porn/87877cfc07341bef620c634383903aee84790e4a41790c6c2db610c5ad8f73c4.jpg,porn,NSFW,vit_freepik_eva02,0.9999988079071045,NSFW,671.2050239999598
/workspace/raw_data/neutral/e4eb0e4a240e7496ced2498a467edbc0b8de417cb5e2de2adf96d74976643fa5.jpg,neutral,SFW,vit_freepik_eva02,0.00019290072668809444,SFW,679.2103629999247
/workspace/raw_data/drawings/99cdc3b5169b6c90ba50323c20bd795a9ff0903885f22dbb8ba121f6191aabbb.jpg,drawings,SFW,vit_freepik_eva02,0.1081203818321228,SFW,671.4665510000941
/workspace/raw_data/drawings/533b040856849af2137cbf9c579968a07acaad1df9879988f899149ffd30e5d9.jpg,drawings,SFW,vit_freepik_eva02,0.9792638421058655,NSFW,671.1223159999236
/workspace/raw_data/drawings/6e9682d42cf82cbe0e6d4a0b131c32eaa97fa0ed58065f92af699ac21701e570.jpg,drawings,SFW,vit_freepik_eva02,0.14828720688819885,SFW,670.8559879999711
/workspace/raw_data/porn/6aba7cc8e4f091e6aeeb9c9a79de87ff19e7351e77b962586c297d09d1100d8c.jpg,porn,NSFW,vit_freepik_eva02,0.9999946355819702,NSFW,672.0180089999985
/workspace/raw_data/neutral/4125348dab34372e24b167890f6cd99efb66f69619a8b652243ccd9a793b59c1.jpg,neutral,SFW,vit_freepik_eva02,0.9801613092422485,NSFW,668.2556149999073
/workspace/raw_data/neutral/048e422e82b2a14966d5a2073b366b1ff0ebfcf932ccb47f1356744ed8608474.jpg,neutral,SFW,vit_freepik_eva02,0.006823200266808271,SFW,670.8255839999993
/workspace/raw_data/neutral/f6a62fec77634667299fb1ad6a4d1dac6728a666ac466ced4ca87710055cc020.jpg,neutral,SFW,vit_freepik_eva02,0.003443530760705471,SFW,671.8992969999817
/workspace/raw_data/drawings/5491de01310fd445c499344aa6a46f2e891a4e088e4274d5f2a0964211c9d80a.jpg,drawings,SFW,vit_freepik_eva02,0.0010814433917403221,SFW,674.6265970000422
/workspace/raw_data/neutral/0faaebdad1b7a0e69d6052c55da9a766b761956f5f283d756ecf1ffb935cf551.jpg,neutral,SFW,vit_freepik_eva02,0.06872081011533737,SFW,673.4823790000064
/workspace/raw_data/drawings/924d17ef16ab83f7bff839ec5b7a4a4a18558664de06e7d38631b8d44e3d1fea.jpg,drawings,SFW,vit_freepik_eva02,0.802908718585968,NSFW,671.9680140000719
/workspace/raw_data/porn/7032d24633b2e5c8be4aec4d0302cdea8b864176cdd4df899f74ec217a3a4499.jpg,porn,NSFW,vit_freepik_eva02,0.9999999403953552,NSFW,670.7515810001041
/workspace/raw_data/hentai/6ea0cd50897cd69a898e06f32bb1c653eda0e2b5c3b4f55edb0545e91bc2b608.jpg,hentai,NSFW,vit_freepik_eva02,0.9999852776527405,NSFW,673.8318179999396
/workspace/raw_data/drawings/5d5b51205125c035cdfa0ac4b8f90bb2835826fa39976ba19452d50827a99460.jpg,drawings,SFW,vit_freepik_eva02,0.0004821844049729407,SFW,684.0041309999378
/workspace/raw_data/hentai/439400.jpg,hentai,NSFW,vit_freepik_eva02,0.9756355881690979,NSFW,668.9070789999505
/workspace/raw_data/porn/d56faeaba49bd2b4b9c058675400c0b545c862b2386d867a1783491aedf60345.jpg,porn,NSFW,vit_freepik_eva02,1.0,NSFW,670.4173449999189
/workspace/raw_data/hentai/80750471_p0_master1200.jpg,hentai,NSFW,vit_freepik_eva02,0.9999657273292542,NSFW,669.2302139999811
/workspace/raw_data/drawings/223be8eaa3eb8f2326eb9d1f26c9564349c380fd469cb915c89f975e2c4c6d99.jpg,drawings,SFW,vit_freepik_eva02,0.0005619871662929654,SFW,680.1374079999505
/workspace/raw_data/porn/ea570557582968474d4f476e81b942bd841195d6462291d82bfe40c825260576.jpg,porn,NSFW,vit_freepik_eva02,0.9999999403953552,NSFW,671.3757490000489
/workspace/raw_data/hentai/2659422.jpg,hentai,NSFW,vit_freepik_eva02,0.9999046325683594,NSFW,671.6897430000017
/workspace/raw_data/porn/7be331a6434a5bad6475bb026c0798f3c9bff77278fae880e6228e0035ba3170.jpg,porn,NSFW,vit_freepik_eva02,0.9999991655349731,NSFW,670.9962940000196
/workspace/raw_data/neutral/450b4ca55c88c0e0655ddcbc866eba7ff60ac87b788d475501105f155dc4d9fa.jpg,neutral,SFW,vit_freepik_eva02,0.012040263041853905,SFW,667.3065850000057
/workspace/raw_data/sexy/19fb181bb91e0531ad0bce79b1769a8a81e86a35e04cedd5b0a8aa037f542a7f.jpg,sexy,NSFW,vit_freepik_eva02,0.9919378757476807,NSFW,680.24431799995
/workspace/raw_data/sexy/5dd67c19fe7bfa6bcac1733ee68336d0eeff1d358c10f2f1b588814eba382df2.jpg,sexy,NSFW,vit_freepik_eva02,0.9999805092811584,NSFW,670.5196409999417
/workspace/raw_data/sexy/e5a9ab6aa57f343b81bbc109b2f75965bce036cd1063c54cfdb78cdcedae2d43.jpg,sexy,NSFW,vit_freepik_eva02,0.9991706013679504,NSFW,670.6604559999505
/workspace/raw_data/sexy/29fdfdc7106cf8ced330ac953f08fb9818bf1a731505a8172e58869f0a2bcfa2.jpg,sexy,NSFW,vit_freepik_eva02,0.9998627305030823,NSFW,668.9817699999594
/workspace/raw_data/neutral/855ff9a198eb16d55c804545ae485c63a76eb9bd47b9a2992517b22c6cdd74ab.jpg,neutral,SFW,vit_freepik_eva02,0.21006017923355103,SFW,675.441286000023
/workspace/raw_data/hentai/556adc829350787b2fc98347bc821a9818ff6548298fb37a2032a6de02fd1ae6.jpg,hentai,NSFW,vit_freepik_eva02,0.9999937415122986,NSFW,684.8099219999995
/workspace/raw_data/neutral/2e85171a593464081689daa689ab099ed09ee2b154c0ec7f22db1e108c0b78b7.jpg,neutral,SFW,vit_freepik_eva02,0.9964423775672913,NSFW,674.7636100000136
/workspace/raw_data/sexy/69cb544ff2456e67bd60884ee9ed1c3da64bd6f909fcc29a7f3e56ed0c94578c.jpg,sexy,NSFW,vit_freepik_eva02,0.9996404647827148,NSFW,668.2579900000292
/workspace/raw_data/porn/d2458a1d82cc458d7e30775f83643a6d07813d921a109ac96cca5e1bf2a7ca77.jpg,porn,NSFW,vit_freepik_eva02,0.9999990463256836,NSFW,672.6534760000504
/workspace/raw_data/porn/a78d5d26f720f10bd300a40c19e5e2de680b6b07cfa61309ce21cbd9064409e9.jpg,porn,NSFW,vit_freepik_eva02,0.9999998807907104,NSFW,668.0153799999289
/workspace/raw_data/hentai/56ab2935159470915a00be7d2e8a458a552128be8f063f7a0a68a0f083be38fa.jpg,hentai,NSFW,vit_freepik_eva02,0.9302873611450195,NSFW,671.7458650000481
/workspace/raw_data/porn/10f6db73454b7650393ce92503b3efa155637af725490f62ee5e2568149de79d.jpg,porn,NSFW,vit_freepik_eva02,0.9999998807907104,NSFW,671.7904710000084
/workspace/raw_data/sexy/d2e65ec6afdba0113b57453bc324f8ce2ce54b21f823fb1f3245ff6072d67302.jpg,sexy,NSFW,vit_freepik_eva02,0.9993165731430054,NSFW,673.2284270000264
/workspace/raw_data/neutral/8f6aa8b3064d9268b801e85b7b0f5273788546708ec3266d2342aeb1e6227e3f.jpg,neutral,SFW,vit_freepik_eva02,0.0005001202807761729,SFW,672.4036379999916
/workspace/raw_data/hentai/da8912430933e55483f79c8e26dbc22a3ccb5189c1bac5e775fe7b2a0241c761.jpg,hentai,NSFW,vit_freepik_eva02,0.9999995827674866,NSFW,671.9913919999954
/workspace/raw_data/porn/e856a9efb3644698d8d0737379d2bb0461db0eeb5e746d8dde17f126a1c97d63.jpg,porn,NSFW,vit_freepik_eva02,0.9999999403953552,NSFW,673.8561949999848
/workspace/raw_data/drawings/9815d986699ca7588af4ee9bebbde0378bc735fcc6aa36c5e5e495685b06bda5.jpg,drawings,SFW,vit_freepik_eva02,0.00027712591690942645,SFW,674.4845640000676
/workspace/raw_data/sexy/b19e5a02b2b2e2215352fef8d56fe12c7ae548b9f6ce5b0c5044ea434a5b81f6.jpg,sexy,NSFW,vit_freepik_eva02,0.9738471508026123,NSFW,672.8064820000554
/workspace/raw_data/neutral/e2b4c59dedb7f362308127ffd03f7188a6038a9aa9ed6d7656d54348d4b78b5a.jpg,neutral,SFW,vit_freepik_eva02,0.0016919642221182585,SFW,676.0769370000617
/workspace/raw_data/sexy/f165f947d7a66428144b83243560ec8fad00e3d716f1f292a5a241fa04b4ae58.jpg,sexy,NSFW,vit_freepik_eva02,0.9964148998260498,NSFW,669.8425580000276
/workspace/raw_data/neutral/f545a612929a3592b31b58126b17a26243692eb054eef6aec08f48e1d8669127.jpg,neutral,SFW,vit_freepik_eva02,0.011874822899699211,SFW,670.4763269999603
/workspace/raw_data/sexy/1aa2735389bf06fbc93ecec5a58ee80593cb740506a01ac421659e3c7e2dc5cc.jpg,sexy,NSFW,vit_freepik_eva02,0.9998798370361328,NSFW,669.2736620000233
/workspace/raw_data/sexy/fdb78837d91dd12ac415dc75a374c0efc87611a400b887bc583d6823ce0a333f.jpg,sexy,NSFW,vit_freepik_eva02,0.8871145844459534,NSFW,675.27133100009
/workspace/raw_data/drawings/673271e594f8e03700aab5b190add721bf8c54d073096234a526dcd562405cea.jpg,drawings,SFW,vit_freepik_eva02,0.02405707724392414,SFW,672.336540999936
/workspace/raw_data/sexy/bb2b0a1a3b22997c85c2d38c812e4c1290dc7e6933b550cd059d2063a35a99f0.jpg,sexy,NSFW,vit_freepik_eva02,0.999912679195404,NSFW,673.9256990000513
/workspace/raw_data/neutral/ed02068528722068bed961dbde3d0bd02839a6f7acc451d11fbd0d62a2c546ec.jpg,neutral,SFW,vit_freepik_eva02,0.004339857958257198,SFW,685.8070720001024
/workspace/raw_data/neutral/6e536107bbbc522d2c050936bc9dc61295a6e0f0c648c14b0c8a83e6b4900d01.jpg,neutral,SFW,vit_freepik_eva02,0.0015867818146944046,SFW,671.4135500000111
/workspace/raw_data/sexy/c7d5ac6505ca8e9034b31b6fee7e43bb0de211fe832177e5a90e49316b4d5aaf.jpg,sexy,NSFW,vit_freepik_eva02,0.9445931911468506,NSFW,672.3758450000332
/workspace/raw_data/drawings/935648df309fe16f335d23aeab3a0b8a9d334d809799f17dad06d754a5458f30.jpg,drawings,SFW,vit_freepik_eva02,0.0006230662111192942,SFW,667.7228849999892
/workspace/raw_data/drawings/ec0535ff59ab59140f980991f17e7df8155d1cb297310b938ea62a86f928db8a.jpg,drawings,SFW,vit_freepik_eva02,0.008467058651149273,SFW,669.8485950000759
/workspace/raw_data/hentai/91904732_p0_master1200.jpg,hentai,NSFW,vit_freepik_eva02,0.9999997019767761,NSFW,683.5801529999799
/workspace/raw_data/porn/c6d3af878de4f54b211977af78464ff28a64a71d73f29106d1577ffe1a56d0c4.jpg,porn,NSFW,vit_freepik_eva02,0.9999873638153076,NSFW,670.955704999983
/workspace/raw_data/porn/91acb5a85667f0ef6864a1a33a266fa392af65212d3f177243cda7e376f59908.jpg,porn,NSFW,vit_freepik_eva02,0.999998927116394,NSFW,671.276386000045
/workspace/raw_data/porn/1da4746e27099111bce9a56d30f767bbfedd02c457a1a455fe271976b9881cf3.jpg,porn,NSFW,vit_freepik_eva02,1.0,NSFW,672.2268089999943
/workspace/raw_data/sexy/2d4c405c31ffc23d3fd5e6a41c2900ca0126299df4a7aabb84534d83024efcda.jpg,sexy,NSFW,vit_freepik_eva02,0.9986567497253418,NSFW,670.810653999979
/workspace/raw_data/sexy/947301a427489d773ad08e7f221e84ba90a4d8662c3a1bfe962e2f25d980ea8b.jpg,sexy,NSFW,vit_freepik_eva02,0.9982500076293945,NSFW,672.6573560000588
/workspace/raw_data/sexy/de6add97de53ee95fccf7dec125b71933c28774420d9a4ef1c14c0a34b5ff693.jpg,sexy,NSFW,vit_freepik_eva02,0.9999780058860779,NSFW,679.0099510000118
/workspace/raw_data/drawings/3ec75295b6e26dcb8481c203085e247fa2114b94b38cb13f4ca674747c35b0d4.jpg,drawings,SFW,vit_freepik_eva02,0.003729061922058463,SFW,675.4726640000399
/workspace/raw_data/neutral/393283b150ec69cce73a6ba559094fdbc778fca56dd75533ba37664d5f7ff6ad.jpg,neutral,SFW,vit_freepik_eva02,0.00467369519174099,SFW,674.6140700000751
/workspace/raw_data/porn/719c97ddc5aff9a2a0eab048f609715cf94fc820c0f4df57682aa88c29484a78.jpg,porn,NSFW,vit_freepik_eva02,0.9999993443489075,NSFW,672.1705029999612
/workspace/raw_data/neutral/6d40eb53704295bf530f05f5862fa6c0be811ac0b1f89db2e38bc7beb2a93a68.jpg,neutral,SFW,vit_freepik_eva02,0.004915976896882057,SFW,669.5135130000835
/workspace/raw_data/sexy/9a2e359ef9a0232b5157138791114e2b3f66e93d31ff9d5955673643269758a7.jpg,sexy,NSFW,vit_freepik_eva02,0.9999909400939941,NSFW,679.3926919999649
/workspace/raw_data/hentai/93250783_p1_master1200.jpg,hentai,NSFW,vit_freepik_eva02,0.9999566078186035,NSFW,669.7990440000012
/workspace/raw_data/neutral/834cc2870b3ee754c551fed59fd698c976cc03101f745e8ea7b0e6995ebe1a14.jpg,neutral,SFW,vit_freepik_eva02,0.00459802383556962,SFW,669.2288809999809
/workspace/raw_data/hentai/b3e4d24a195f345097933a7d671dd53d41bae1def327a05b2a678e20db7a186e.jpg,hentai,NSFW,vit_freepik_eva02,0.9976245164871216,NSFW,669.7812610000256
/workspace/raw_data/drawings/77f289354e47ed8049bbc79fc66c1339e7e4310c05cc47d348d0bbfadf37cdf8.jpg,drawings,SFW,vit_freepik_eva02,0.35370251536369324,SFW,672.4108299999898
/workspace/raw_data/neutral/3e6ae4b7bcb1c8206e547fb8bb9ade6bc582ad526ad4290d24efee6a3be9b5eb.jpg,neutral,SFW,vit_freepik_eva02,0.00043711686157621443,SFW,672.8886820000071
/workspace/raw_data/hentai/611620.jpg,hentai,NSFW,vit_freepik_eva02,0.882455587387085,NSFW,673.6018609999519
/workspace/raw_data/hentai/7a8f115ec5158e88f5e6a53868fbabecec46754c1f87cfab7dde89300effff4c.jpg,hentai,NSFW,vit_freepik_eva02,0.9843266010284424,NSFW,672.0158859999401
/workspace/raw_data/drawings/4c0abf2f5a3b48b57af18876165da5e36beedc1edf1a42a82dfc8c8293ee4b23.jpg,drawings,SFW,vit_freepik_eva02,0.9333705902099609,NSFW,682.0432939999819
/workspace/raw_data/hentai/e211f23514c566093c735693526297cab6ec019870a165970abd09b33633192d.jpg,hentai,NSFW,vit_freepik_eva02,0.9987882375717163,NSFW,673.9006939999399
/workspace/raw_data/hentai/1240181.jpg,hentai,NSFW,vit_freepik_eva02,0.9736140966415405,NSFW,670.4675150000412
/workspace/raw_data/neutral/50e7d0824e908ca8a942f32fa439291bfdf256e69a34fc1fc245e1a8d8dbf0b0.jpg,neutral,SFW,vit_freepik_eva02,0.0007618133095093071,SFW,671.1281869999084
/workspace/raw_data/neutral/8d9210720d23ddc10362302ad0505fd3d1a2bcbc8c88a2f92a7b020dbc38f0f7.jpg,neutral,SFW,vit_freepik_eva02,0.0010958921629935503,SFW,671.0260759999755
/workspace/raw_data/drawings/f63c830c3c61d1582ec4aec8369f31f430c3da38790b31805fb31fbba3d1b1c3.jpg,drawings,SFW,vit_freepik_eva02,0.1334509253501892,SFW,672.1066949999113
/workspace/raw_data/hentai/95027949_p0_master1200.jpg,hentai,NSFW,vit_freepik_eva02,0.9999992847442627,NSFW,673.1380109999918
/workspace/raw_data/porn/7528cbbc76c73fd6b68f1bd2a3cb02704110714d3e16c191e661b2fcc88a59f7.jpg,porn,NSFW,vit_freepik_eva02,0.6964573264122009,NSFW,671.478245000003
/workspace/raw_data/hentai/2799548.jpg,hentai,NSFW,vit_freepik_eva02,0.9999946355819702,NSFW,671.6991690000214
/workspace/raw_data/drawings/b30faa800bed4f6d0a8dbd731de23bb0561401ea64071ad061c9b0d6120a10de.jpg,drawings,SFW,vit_freepik_eva02,0.019152846187353134,SFW,669.9130719999857
/workspace/raw_data/neutral/6d4b1afa68e9492d720323cf6d6f92ddc1ec4f60e1a56d2a83e1dce0e71e988a.jpg,neutral,SFW,vit_freepik_eva02,0.00017590292554814368,SFW,670.0831910000034
/workspace/raw_data/neutral/173674a6137545cefe1fa927b9b3a2c809bad2e5c0e486ed29efc1255ba2898d.jpg,neutral,SFW,vit_freepik_eva02,0.00553768640384078,SFW,674.2908559999705
/workspace/raw_data/hentai/3c8b8af53aba9ff90899a03e6c66a415fac98d9f37c9cf56e6a6fab1a1184022.jpg,hentai,NSFW,vit_freepik_eva02,0.9999918937683105,NSFW,671.3789339999039
/workspace/raw_data/hentai/821230c381de60af561bb46417c0bc3547ba0937aeef177ec0dbc09770043130.jpg,hentai,NSFW,vit_freepik_eva02,0.9999962449073792,NSFW,676.909744999989
/workspace/raw_data/hentai/3a0bff306197030034c546dd16124c611394fa16a6dcc11693068757deccede0.jpg,hentai,NSFW,vit_freepik_eva02,0.9999840259552002,NSFW,676.6961220000667
/workspace/raw_data/porn/837cfaffc062d999450ca1ffc3a713f11f06cbf37f76a73618d0c7bc168b1d68.jpg,porn,NSFW,vit_freepik_eva02,0.9999995231628418,NSFW,670.7128599999805
/workspace/raw_data/neutral/8c2bbea8ea378842fd4f99f7e9f484b9404904aa961caad692b792b4b63ce05f.jpg,neutral,SFW,vit_freepik_eva02,0.012424526736140251,SFW,672.0114039999316
/workspace/raw_data/neutral/d34b8f2d20ec8a34504a049f15cc46549af6365d8ab020e07eda6287a8a6b59c.jpg,neutral,SFW,vit_freepik_eva02,0.0008600358851253986,SFW,671.037296999998
/workspace/raw_data/porn/2fa8df5ea7065e595cc6316948d24481af9d0901807a10a7cd1531ae41c8055a.jpg,porn,NSFW,vit_freepik_eva02,1.0,NSFW,671.0611610000115
/workspace/raw_data/porn/9f92fb11b9d2fe13b268c5775c63496177f7db8aa475bc1380260300024171df.jpg,porn,NSFW,vit_freepik_eva02,0.9999998807907104,NSFW,670.4059789999519
/workspace/raw_data/sexy/7e363c6add681440ddd1e15d65c7920c0d2f6d0e30069a73289f4a584dd68afd.jpg,sexy,NSFW,vit_freepik_eva02,0.99685138463974,NSFW,672.7152319999732
/workspace/raw_data/drawings/1435cdb912446c21704046edb2915f177b944267450825ce16c8d33ab8691cae.jpg,drawings,SFW,vit_freepik_eva02,0.0033720890060067177,SFW,671.2464720000071
/workspace/raw_data/porn/9d3c4e21212325638b8b7727aa4c1dc0fe6ab2f91b7b2d82dfd1e51745d14b8f.jpg,porn,NSFW,vit_freepik_eva02,1.0,NSFW,669.8327170000766
/workspace/raw_data/drawings/8d685a209c62c96cc91f87fc8e2e94536c9827640fa761cab755adbd7c558246.jpg,drawings,SFW,vit_freepik_eva02,0.0010489535052329302,SFW,672.4285010000131
/workspace/raw_data/drawings/28d0a99992910eccae7ab3ac3db4340f28856b8421349195543e241d861e1a0f.jpg,drawings,SFW,vit_freepik_eva02,0.0005308517720550299,SFW,673.4501130000581
/workspace/raw_data/hentai/1624758.jpg,hentai,NSFW,vit_freepik_eva02,0.9999862909317017,NSFW,670.8441269998957
/workspace/raw_data/hentai/1179343.jpg,hentai,NSFW,vit_freepik_eva02,0.9585248231887817,NSFW,672.4810059999982
/workspace/raw_data/drawings/7e7c1d9929bf2c50713a5f5e8d57a367aa70455d385702dbcd41d4bd0e082d23.jpg,drawings,SFW,vit_freepik_eva02,0.015048517845571041,SFW,684.6670390000327
/workspace/raw_data/neutral/d0d65a0d59a0a544ce3149975d4fbf44b75308f523cf1b7f0d15a7f1c245e4b9.jpg,neutral,SFW,vit_freepik_eva02,0.00025324340094812214,SFW,672.384195999939
/workspace/raw_data/drawings/1863740322138b86eaac12bcd042fb86ee6b3c770901c7f59c8b64fd1366bf04.jpg,drawings,SFW,vit_freepik_eva02,0.5350729823112488,NSFW,673.2538910000585
/workspace/raw_data/neutral/f3fd32aa641dc7e80f3a1def68004031c804ade60ab9b318b0d8c03a63e10d12.jpg,neutral,SFW,vit_freepik_eva02,0.012661153450608253,SFW,672.461152999972
/workspace/raw_data/drawings/931bf9785d1db5fdce60993990d9762543c920e30a750e2341e2b073c6b3ec76.jpg,drawings,SFW,vit_freepik_eva02,0.005435335915535688,SFW,670.0436209999907
/workspace/raw_data/sexy/96a0c00bfce7169f9dcc52ad9e3d1bbb4cae201c53125c941b372ef4c6e7bc8c.jpg,sexy,NSFW,vit_freepik_eva02,0.9999997615814209,NSFW,672.9081390000147
/workspace/raw_data/sexy/d1f67ab3830a464ed1fa579b97dcd6fe5610d431f31d9c44510830020236ef60.jpg,sexy,NSFW,vit_freepik_eva02,0.9999510645866394,NSFW,673.6899250000761
/workspace/raw_data/neutral/67831333eca6567b0981045f4034bb84def09b945cf8c3e9a1955c69a6532802.jpg,neutral,SFW,vit_freepik_eva02,0.0025439532473683357,SFW,681.7091130000108
/workspace/raw_data/drawings/e0112a45a1f8c4ddce7ac3a712e743c33c6bd86a252a7c0e455f0122ff226892.jpg,drawings,SFW,vit_freepik_eva02,0.03343946486711502,SFW,675.4409189999251
/workspace/raw_data/drawings/666acb30080ad5218490364a6154adf558e8556e855f6b8d004d5605ca4d81d0.jpg,drawings,SFW,vit_freepik_eva02,0.0033585107885301113,SFW,672.0454430000018
/workspace/raw_data/sexy/a051ae1257ab96627acd134543663d6fd71b91e298166b9fe9a11973ece350b7.jpg,sexy,NSFW,vit_freepik_eva02,0.24036303162574768,SFW,671.9506330000513
/workspace/raw_data/hentai/fc15d5b496a994ab47aad72c18aefbafcca9707f939383b5985a58c681a5e32c.jpg,hentai,NSFW,vit_freepik_eva02,0.9732076525688171,NSFW,671.9824360000075
/workspace/raw_data/porn/a82cb0ddf649b7fd682f1a3f1b1537003f2380a306ef718a91dea319e2a237ec.jpg,porn,NSFW,vit_freepik_eva02,0.9999976754188538,NSFW,670.2978490000078
/workspace/raw_data/neutral/80d6c5233c870eabe0415cc84485c8db086b7c718a8a867d81c0dd155a20c2c9.jpg,neutral,SFW,vit_freepik_eva02,0.027761396020650864,SFW,673.7661330000719
/workspace/raw_data/drawings/2ab8d99a7cd8be71beab9bf8213be1e5d2a6080970d3094857fc2d36bf24be11.jpg,drawings,SFW,vit_freepik_eva02,0.0014124290319159627,SFW,672.0270010000604
/workspace/raw_data/hentai/9695977bb14dd89bb4b011b2a4f848414677be4e2d4727c8899c12252a9b334b.jpg,hentai,NSFW,vit_freepik_eva02,0.9998932480812073,NSFW,679.1259240000045
/workspace/raw_data/hentai/ad640f18a1442e6a3b3643303e1822d6e43ade4587ec3f082260e4a5e693245f.jpg,hentai,NSFW,vit_freepik_eva02,0.9995877742767334,NSFW,674.3834999999763
/workspace/raw_data/neutral/e8dfe0068fb0075ca67743667a7e79b6b1b32cc34ecce4388434527798f9c627.jpg,neutral,SFW,vit_freepik_eva02,9.385019075125456e-05,SFW,673.7891340000033
/workspace/raw_data/hentai/313889.jpg,hentai,NSFW,vit_freepik_eva02,0.9999833106994629,NSFW,678.2960320000484
/workspace/raw_data/sexy/7f92d8acf5c49c56f00d75568f8ba9ede440a54b6c24b0785d0d72d22e83c2d3.jpg,sexy,NSFW,vit_freepik_eva02,0.9908580780029297,NSFW,670.8546099999921
/workspace/raw_data/neutral/dd4e102a0cc82355be7317d8f590933c637739dc97b3d9158375f5e26a766ccd.jpg,neutral,SFW,vit_freepik_eva02,0.007674340158700943,SFW,669.7753900000407
/workspace/raw_data/hentai/9e5db5096c163e5756e762f3f95bad1f8e994f03f94cd79c1fb37591a80a0780.jpg,hentai,NSFW,vit_freepik_eva02,0.9999982118606567,NSFW,669.7208830000818
/workspace/raw_data/sexy/aec5abea6617df5cd1fdff3f61beb51b5abe6e231deb7013b34a9c79fd0fdd74.jpg,sexy,NSFW,vit_freepik_eva02,0.9987422227859497,NSFW,671.6701000000285
/workspace/raw_data/sexy/444e4dec6fed12259ca4ba51bd93a912fd0a5f34afb35c9bd7d113107b4bdb77.jpg,sexy,NSFW,vit_freepik_eva02,0.9998326301574707,NSFW,670.2248389999568
/workspace/raw_data/drawings/48917552c36fb97fbdd87c44e54562535200288acbffe3e0bbb113c0e05dc917.jpg,drawings,SFW,vit_freepik_eva02,0.06750067323446274,SFW,672.5670980000586
/workspace/raw_data/drawings/c2fcd390190f96ff0f5d98fd7f036c96537e2ea77a8960232905c39bfcbe35be.jpg,drawings,SFW,vit_freepik_eva02,0.0010805260390043259,SFW,670.1649330000237
/workspace/raw_data/hentai/94945957_p0_master1200.jpg,hentai,NSFW,vit_freepik_eva02,0.9996522665023804,NSFW,671.004446999973
/workspace/raw_data/sexy/d2616c8b9e08a2b0ad4a925eb74330ce084fe0f16bbfea50893797780d1b7341.jpg,sexy,NSFW,vit_freepik_eva02,0.9840829372406006,NSFW,682.6846120000027
/workspace/raw_data/porn/9f5e45cfdff1ffd88e2f140166c0d3e5157331a4d38160831492ead2fb9d8e22.jpg,porn,NSFW,vit_freepik_eva02,1.0,NSFW,673.9425760000586
/workspace/raw_data/neutral/c09bc21f3965a7abeeee0cb321dca4c9ff5b98c5785a0170855462677ff7e2a9.jpg,neutral,SFW,vit_freepik_eva02,0.00021563202608376741,SFW,670.945154999913
/workspace/raw_data/drawings/c6e5a20d58fd520f079725dae2e24f9e07c037f140c30cde43a483ad5d02acca.jpg,drawings,SFW,vit_freepik_eva02,0.00042248237878084183,SFW,673.0181759999141
/workspace/raw_data/porn/4ff53c96950e871a171dd861d48bd97867d2c50c184fd2c7049ea13641e4f7de.jpg,porn,NSFW,vit_freepik_eva02,0.9999929070472717,NSFW,670.8679459999303
/workspace/raw_data/sexy/6bfda7bd5dbf41b52566acf30802c9653ee5385274edc1437eb6dc19b3eae9fd.jpg,sexy,NSFW,vit_freepik_eva02,0.9998427629470825,NSFW,670.9237529998973
/workspace/raw_data/neutral/b0d81e7e31ebdab3da2b1ff0f3aa4a1a37deded6704a50e73f07bce390946889.jpg,neutral,SFW,vit_freepik_eva02,0.0019009578973054886,SFW,666.9390260000227
/workspace/raw_data/neutral/14c7d992e36a1567eafe0f915b539863e533e2e3c2d4b1e82b7558d792e40d46.jpg,neutral,SFW,vit_freepik_eva02,0.002819869201630354,SFW,672.1345830000018
/workspace/raw_data/hentai/d061516084933e4456e7aa70bd8e7e69a4dd1236f022b5f2ff79091c687a8d94.jpg,hentai,NSFW,vit_freepik_eva02,0.7868084907531738,NSFW,674.2680099999916
/workspace/raw_data/porn/c2d7580de7693877d9dd3e79c3660ed331d54bf3a1a5061d502f3ceb1f6cd043.jpg,porn,NSFW,vit_freepik_eva02,0.9999995231628418,NSFW,673.1717929999377
/workspace/raw_data/sexy/cb106dfd4034deb1b4d86aad9b7bc1fbedad8ffd6a18f8cb8a89a63d05604ab3.jpg,sexy,NSFW,vit_freepik_eva02,0.9999457597732544,NSFW,669.0520140000444
/workspace/raw_data/neutral/98062c51e3e7857af62fcff78b1b0c7d220821d74593a093b2c0e53d5e8a9290.jpg,neutral,SFW,vit_freepik_eva02,0.0028358756098896265,SFW,670.9148050000522
/workspace/raw_data/hentai/5710978.jpg,hentai,NSFW,vit_freepik_eva02,0.9999944567680359,NSFW,672.0879130000412
/workspace/raw_data/hentai/5cfa8841231df7cbbc492db2d0dd81759966b6dab0eeaaf811307be2671f0af2.jpg,hentai,NSFW,vit_freepik_eva02,0.9999238848686218,NSFW,669.1285389999848
/workspace/raw_data/hentai/5447880.jpg,hentai,NSFW,vit_freepik_eva02,0.9868665933609009,NSFW,670.3520529999878
/workspace/raw_data/porn/efba359009c9e1fb3260b0e1a0ed1a3b0835d01e3d19a0bcb55c3e2cbdd25e7a.jpg,porn,NSFW,vit_freepik_eva02,0.9999999403953552,NSFW,672.8521840000212
/workspace/raw_data/neutral/c6a66c09ca68c414622834755c59df599a49f521a9b5d43ac02fde0a19c02484.jpg,neutral,SFW,vit_freepik_eva02,0.00010063208901556209,SFW,674.2208120000441
/workspace/raw_data/sexy/7a33ea49ac29732ba177c72982748d38035cd5a2fe65df96ca8c65505610721a.jpg,sexy,NSFW,vit_freepik_eva02,0.9996406435966492,NSFW,677.5863240000035
/workspace/raw_data/hentai/6362e774d9d7cecb95c241a0ac937001401fd4b02e9e59eb03803c2e5e82f37b.jpg,hentai,NSFW,vit_freepik_eva02,0.9999944567680359,NSFW,676.073484000085
/workspace/raw_data/neutral/eec70d8cbd69dd8873535199cc0c0dabbba90e9a40fa74c20d0ade0e75bd725e.jpg,neutral,SFW,vit_freepik_eva02,0.0005479147075675428,SFW,674.8544700000139
/workspace/raw_data/drawings/2b0bd4cf41b08422d370858f3458e0ad158deeebce277496596a63caec287b6b.jpg,drawings,SFW,vit_freepik_eva02,0.007047141902148724,SFW,670.7409879999204
/workspace/raw_data/hentai/3673213.jpg,hentai,NSFW,vit_freepik_eva02,0.0013494961895048618,SFW,671.9268990000273
/workspace/raw_data/neutral/ebffb3fbf77d603fd0a7da1a4193f76af1114a24271489547a1d04c8435dc528.jpg,neutral,SFW,vit_freepik_eva02,0.00428198603913188,SFW,670.7210270000132
/workspace/raw_data/drawings/f8898ffb483718c9c99245fae0463b4a66d4f668308ee5e5e081983a39d2bb30.jpg,drawings,SFW,vit_freepik_eva02,0.0077428072690963745,SFW,668.7516129999267
/workspace/raw_data/porn/37c634c92c47c5a6a6ceb2712b630c2c8c69d9f782e58a3781ad766b17696945.jpg,porn,NSFW,vit_freepik_eva02,1.0,NSFW,674.7827809999762
/workspace/raw_data/drawings/3473fccc51a40260076844bb75341382cc11d08732b04646dd25b26348c896b9.jpg,drawings,SFW,vit_freepik_eva02,0.006857474334537983,SFW,673.599749999994
/workspace/raw_data/porn/58f498add1a468bb02e57165decba0aadbca75a6184ebf93d0817aca5cf7591c.jpg,porn,NSFW,vit_freepik_eva02,1.0,NSFW,675.865601000055
/workspace/raw_data/neutral/d282c3d7aab4baabbad209d62996d2c9bceb0d2d2fdb96f60fc6fcced8606c94.jpg,neutral,SFW,vit_freepik_eva02,0.00950254313647747,SFW,672.8022610000153
/workspace/raw_data/porn/2b282d33172104999e5c7b612fd3354f76941ce69d1fa28cb10a0f0d1f3bb4d5.jpg,porn,NSFW,vit_freepik_eva02,0.9998126029968262,NSFW,670.106163000014
/workspace/raw_data/neutral/f71ad18ad2da21ee912722ef1d8aadae14fb27286cb40b457f2afbceddd0706f.jpg,neutral,SFW,vit_freepik_eva02,0.8118324875831604,NSFW,674.1318080000838
/workspace/raw_data/sexy/73d469e4dddbf762cd487e3ef28bdf7c6f86d6b34cc91f311a56b0ff61b66721.jpg,sexy,NSFW,vit_freepik_eva02,0.9988995790481567,NSFW,669.5684039999605
/workspace/raw_data/porn/08805f043ff36fc8f6253de6bbca090f1112cdac621cc8078c74b4ed164b552b.jpg,porn,NSFW,vit_freepik_eva02,0.9999991059303284,NSFW,672.3234080000111
/workspace/raw_data/hentai/102414722_p2_master1200.jpg,hentai,NSFW,vit_freepik_eva02,0.9979110956192017,NSFW,667.4044640000147
/workspace/raw_data/sexy/5aa1f923f27a49b06e0534f843969711cd7f910e318091d6be327c86f3e4a848.jpg,sexy,NSFW,vit_freepik_eva02,0.9992353320121765,NSFW,671.0393310000882
/workspace/raw_data/hentai/a9dcb3a65d176ecc4aeb45103cd493154327b96dbcd8c5c003ee67dbe1896998.jpg,hentai,NSFW,vit_freepik_eva02,0.9999882578849792,NSFW,679.2136899999832
/workspace/raw_data/hentai/102514907_p0_master1200.jpg,hentai,NSFW,vit_freepik_eva02,0.9998908638954163,NSFW,670.0149770000507
/workspace/raw_data/sexy/8dfea627a445d1a2d4e3cecc63a39b84100a7409343d0ac4d856c4aee9d84f26.jpg,sexy,NSFW,vit_freepik_eva02,0.9993100166320801,NSFW,671.889983999904
/workspace/raw_data/drawings/8e89f40a8b0d33777ab04972a7c07a9b39823274ea105abb9ab3db12aef94012.jpg,drawings,SFW,vit_freepik_eva02,0.005031843204051256,SFW,668.1692740000926
/workspace/raw_data/hentai/febefcb6fccc3cb9024462406b31aec86ec0af5101363ae94456d43b9cff2d49.jpg,hentai,NSFW,vit_freepik_eva02,0.9610235095024109,NSFW,675.7835129999421
/workspace/raw_data/porn/51a59eb8b19f229e1b2fce56b7b07efac2aa57183c2d08d51288a38217acdf78.jpg,porn,NSFW,vit_freepik_eva02,0.9999991655349731,NSFW,672.2151199999189
/workspace/raw_data/sexy/17b43552dd982b745405bda030170df01b7eca18fb1af209c5d3330d122d122f.jpg,sexy,NSFW,vit_freepik_eva02,0.9971007108688354,NSFW,676.0337399999798
/workspace/raw_data/neutral/533e4418c85f844e39987cddbca38464c90f88cc59debdd72406017915cc72ee.jpg,neutral,SFW,vit_freepik_eva02,0.0037207610439509153,SFW,669.8167560000456
/workspace/raw_data/porn/30eaae63930e1e27239940925dcd05e919ec57418dba12b5abe16dc732807d93.jpg,porn,NSFW,vit_freepik_eva02,0.999998152256012,NSFW,671.7724709999402
/workspace/raw_data/porn/8f9c379441094611c49e74ecd8352e74e7f072bdb8a733e2a8a76ec1aeaa65d8.jpg,porn,NSFW,vit_freepik_eva02,0.9999990463256836,NSFW,672.1957180000118
/workspace/raw_data/hentai/47e95bd536d1f97204a68c9f8ba579ff51cd052075bc2c9ab3c5be2cdacdf2a7.jpg,hentai,NSFW,vit_freepik_eva02,0.9999749660491943,NSFW,673.3046399999694
/workspace/raw_data/neutral/e89b1dc4f143f26f7f54ca8776edb63e9d2ef22b40bc2ae073832ad580cabf0f.jpg,neutral,SFW,vit_freepik_eva02,0.000587222573813051,SFW,675.0643640000362
/workspace/raw_data/hentai/88950911_p0_master1200.jpg,hentai,NSFW,vit_freepik_eva02,0.9999966621398926,NSFW,672.9468629999928
/workspace/raw_data/sexy/748e4fbdd8d152f381300db6a86599b5ab10f9df6a73536a0946c812d0c504f7.jpg,sexy,NSFW,vit_freepik_eva02,0.9999875426292419,NSFW,685.3785900000275
/workspace/raw_data/hentai/4068500.jpg,hentai,NSFW,vit_freepik_eva02,0.9999868869781494,NSFW,675.3452799999877
/workspace/raw_data/drawings/0250f031278ab6f6ca5cb9b63dee30ae00a339221daf5d6ecdf9ecafffaac2ea.jpg,drawings,SFW,vit_freepik_eva02,0.00038734354893676937,SFW,671.1575010000388
/workspace/raw_data/neutral/4c504fda8e9e5d915823b753473559ffc8f300845180ff67aa0d6454ccebe11d.jpg,neutral,SFW,vit_freepik_eva02,0.008226068690419197,SFW,669.3852399999969
/workspace/raw_data/hentai/142017.jpg,hentai,NSFW,vit_freepik_eva02,0.9984326362609863,NSFW,669.7436719999814
/workspace/raw_data/neutral/b4be18554504ae81e047a0cd71337181f0d987eb71731eb81aae535813551985.jpg,neutral,SFW,vit_freepik_eva02,0.0016876813024282455,SFW,671.8059590000394
/workspace/raw_data/sexy/63571b03c35480580849c264d9e2b3ba5b7b8f2d0089b61acf057dc4ca5b6be9.jpg,sexy,NSFW,vit_freepik_eva02,0.9999980330467224,NSFW,670.8177709999745
/workspace/raw_data/sexy/2cc6db566e1f1641a2b96b6bb3416f6054ead2713805084676677f2ccfea1e3d.jpg,sexy,NSFW,vit_freepik_eva02,0.9999979734420776,NSFW,670.8397720000221
/workspace/raw_data/drawings/54a75360c260ca37a726453ef68ab22677bbd5b8d48c737d649b4ca87b6e2a3e.jpg,drawings,SFW,vit_freepik_eva02,0.02297104150056839,SFW,682.0798910000576
/workspace/raw_data/neutral/f53df046ad4f6bf885944d00fe2d6cea67059164d9ca5fdf8423b2084ac862f0.jpg,neutral,SFW,vit_freepik_eva02,0.02697000466287136,SFW,673.6555269999371
/workspace/raw_data/hentai/78426581_p2_master1200.jpg,hentai,NSFW,vit_freepik_eva02,0.9999983906745911,NSFW,674.7706190000144
/workspace/raw_data/hentai/86a1ed28271ced23e6ab0cd99dca1549ebeb79bb9041299e324e4735dc2abe9c.jpg,hentai,NSFW,vit_freepik_eva02,0.9999473094940186,NSFW,679.8404549999759
/workspace/raw_data/neutral/e165e433c53b611102b7b48c33cda05fe0652566a0ecc47624fa0ea34d3d5f7b.jpg,neutral,SFW,vit_freepik_eva02,0.032076217234134674,SFW,668.261732000019
/workspace/raw_data/porn/69b28d7608ff5da8c43326a0037b6b511edbabe5684ca5a132d320bca6c50738.jpg,porn,NSFW,vit_freepik_eva02,0.9997974634170532,NSFW,686.4529529999572
/workspace/raw_data/sexy/a6fb15f4c00e677d67fe979f2aa5448dbf4e61571df437432a4a38288f68619c.jpg,sexy,NSFW,vit_freepik_eva02,0.9999469518661499,NSFW,673.9686350000511
/workspace/raw_data/hentai/9396b8537eaa3f3eae4f0164e3448775727296d609d509b14ddc36696a7642c8.jpg,hentai,NSFW,vit_freepik_eva02,0.9874457120895386,NSFW,671.655790999921
/workspace/raw_data/porn/9d432f18304acffce12b83a570bbceab525c8d3c2a11c74d672d0adeebf999f9.jpg,porn,NSFW,vit_freepik_eva02,0.9999985694885254,NSFW,671.206242999915
/workspace/raw_data/hentai/0d759280c9a3a821f8f4c584cfd696f7f65e4a2d2050ccf36d4f59ba7668a387.jpg,hentai,NSFW,vit_freepik_eva02,0.9451451897621155,NSFW,674.3794779999916
/workspace/raw_data/sexy/bf4de9bd78a1b773ccb46aa50259eed7be8a610233b3d7193a869b7646a359b3.jpg,sexy,NSFW,vit_freepik_eva02,0.9997971057891846,NSFW,671.0956309999574
/workspace/raw_data/porn/c7b3ac1de2dc5643066bc9d3e45296c864abe89b841fb1cdb33df6a70df5a520.jpg,porn,NSFW,vit_freepik_eva02,0.9999893307685852,NSFW,669.1090209999402
/workspace/raw_data/porn/176c1c7721d90a259998f5980dd674bbe7f9d5755d010edee9653616dae8ee1a.jpg,porn,NSFW,vit_freepik_eva02,0.9999997019767761,NSFW,674.9623389999897
/workspace/raw_data/hentai/69232516_p1_master1200.jpg,hentai,NSFW,vit_freepik_eva02,0.9976849555969238,NSFW,675.82087400001
/workspace/raw_data/hentai/5403732.jpg,hentai,NSFW,vit_freepik_eva02,0.7971123456954956,NSFW,675.2439800000047
/workspace/raw_data/sexy/c1bd7be69ddff7fbfd38bebbe0491b89dd1306cb8f804ee6e82b3f69d4aefc3b.jpg,sexy,NSFW,vit_freepik_eva02,0.9998696446418762,NSFW,673.1935550000117
/workspace/raw_data/neutral/6283c5b31fccd5ad3cfe4767779dfd11de157cf71716e40513d60d37d73921a6.jpg,neutral,SFW,vit_freepik_eva02,0.0017284927889704704,SFW,673.2798650000404
/workspace/raw_data/porn/b377dd6abc15cfb05db2afa9497593df422e4170a2186a189bb501489137ec48.jpg,porn,NSFW,vit_freepik_eva02,0.9999994039535522,NSFW,670.768990000056
/workspace/raw_data/drawings/4cc2f95868ebb525ed528bfd0d63b5d113fa73ea52e04fd391dacc06916cbd6f.jpg,drawings,SFW,vit_freepik_eva02,0.0013115240726619959,SFW,675.2955850000717
/workspace/raw_data/drawings/18b478e5e3112a7258e67ab504f0a940d9e366972a27ff11cc2cf0ff1e334b37.jpg,drawings,SFW,vit_freepik_eva02,0.0018508000066503882,SFW,676.3984049999863
/workspace/raw_data/hentai/292888.jpg,hentai,NSFW,vit_freepik_eva02,0.999992847442627,NSFW,671.4041599999518
/workspace/raw_data/hentai/4566979.jpg,hentai,NSFW,vit_freepik_eva02,0.24969136714935303,SFW,675.2153759999828
/workspace/raw_data/porn/8aa11ac7c3c1cfe8d30d08b8e5643f8ba02156445e23fd8ffc23ccb81c82f09e.jpg,porn,NSFW,vit_freepik_eva02,0.9998557567596436,NSFW,671.2949479999679
/workspace/raw_data/sexy/53a5c2e637cd11a591cfa45e3054c440d50acca69d70688afb058960891808e0.jpg,sexy,NSFW,vit_freepik_eva02,0.9999542832374573,NSFW,674.4702950001056
/workspace/raw_data/drawings/b0655c2bd4de4229ca8423a45c99c0c7f62750109da7a862c2078f0a878f7895.jpg,drawings,SFW,vit_freepik_eva02,0.04341186583042145,SFW,672.0062250000183
/workspace/raw_data/drawings/0273c9497ae0bf0d730d8bc73699c5559889bcfa1c0a7a17177da9285dfedc02.jpg,drawings,SFW,vit_freepik_eva02,0.005782895255833864,SFW,672.0620680000593
/workspace/raw_data/sexy/10baa5ec29d1b8c4c54797904432caa14a221e391cc398971089e3525fdfcc7b.jpg,sexy,NSFW,vit_freepik_eva02,0.9813068509101868,NSFW,675.3755390000151
/workspace/raw_data/porn/6660b4fa7a4d048402ce6ca04a45c260f00731c60a980e916b60cc40f8d8a530.jpg,porn,NSFW,vit_freepik_eva02,0.9998470544815063,NSFW,673.1312970000545
/workspace/raw_data/drawings/4e772e88414ebacafa4c9c21cbcf4a854633693c3ad7b781ec3d793ad66386ee.jpg,drawings,SFW,vit_freepik_eva02,0.18416132032871246,SFW,672.5762369999302
/workspace/raw_data/hentai/1908958.jpg,hentai,NSFW,vit_freepik_eva02,0.9999977946281433,NSFW,678.5782849999578
/workspace/raw_data/porn/44d48ee9fbbc32de8b6c7a490322826ae8d1dcb7a79bc2106447c9a3c8b85b69.jpg,porn,NSFW,vit_freepik_eva02,0.9985091686248779,NSFW,670.8245479999277
/workspace/raw_data/porn/77d0efcb6731f848106375cc9ad7fe697b3abd96a9262dc0cbedbeb40e7ad801.jpg,porn,NSFW,vit_freepik_eva02,0.9999585747718811,NSFW,669.4526989999758
/workspace/raw_data/drawings/e0318a21bbdcdfd6329cbf923d7014b61fe0ff2417e3bc0b9b4d4e3b6c6e8e91.jpg,drawings,SFW,vit_freepik_eva02,0.0006225644610822201,SFW,672.8106620000744
/workspace/raw_data/porn/ddba39dba87b70cdb7a1c1059f52052570b665a3e6b2a5ddca0367fa463075b4.jpg,porn,NSFW,vit_freepik_eva02,1.0,NSFW,672.0378779999692
/workspace/raw_data/porn/9de34128e814b4df86893a206f925a8e8ff345d66708575221c3ba65ed2dfb32.jpg,porn,NSFW,vit_freepik_eva02,0.9999997615814209,NSFW,683.9707679999947
/workspace/raw_data/sexy/ac03bd963c384e7d2f97212e15ddc6dedadd4aff71146d09ed6c13544fb66830.jpg,sexy,NSFW,vit_freepik_eva02,0.9965227842330933,NSFW,675.5206550000139
/workspace/raw_data/drawings/ce4801b79dce26edccbeed3f0fc2248eb46d4ce047e05b959db8c3503d2308bd.jpg,drawings,SFW,vit_freepik_eva02,0.000925879052374512,SFW,671.3808230000495
/workspace/raw_data/hentai/47b384f58aa43a1d8ae8e7728807107ca5059dc5f63e65bf7c9a7267fd83ef50.jpg,hentai,NSFW,vit_freepik_eva02,0.9998667240142822,NSFW,674.5966700000281
/workspace/raw_data/drawings/2634852ad10526f02d7e1c32d9d478d026729ed915e8a31de681140e81ef2959.jpg,drawings,SFW,vit_freepik_eva02,0.017064660787582397,SFW,671.5492900000299
/workspace/raw_data/neutral/2a25a1f4cea69d12fb02e3f0b4008565a17e9645d2234ad2343756bb9f3b1eb0.jpg,neutral,SFW,vit_freepik_eva02,0.019564922899007797,SFW,672.6720929999601
/workspace/raw_data/sexy/05b116370b6655de52003d048ddfe4fdcb01e5edea77a3f0ba58c81b5dbad90e.jpg,sexy,NSFW,vit_freepik_eva02,0.998737096786499,NSFW,673.1965410000385
/workspace/raw_data/neutral/30045178d17950d328dfcebe05c8aacd885f3d0884732d981d25dc50bdb513ce.jpg,neutral,SFW,vit_freepik_eva02,0.9155405163764954,NSFW,671.9866299999921
/workspace/raw_data/sexy/ee77fca029875b844b0141c38043b09ca169c7eb08622cb0fdec1dd4403a0ee1.jpg,sexy,NSFW,vit_freepik_eva02,0.9980709552764893,NSFW,682.5104959999635
/workspace/raw_data/porn/5513f4d2217fe027eed2dc0a9a0666bded47185672d098e405428dd1341a7c87.jpg,porn,NSFW,vit_freepik_eva02,0.9999997019767761,NSFW,674.5590660000289
/workspace/raw_data/porn/e4c0755f0704c4a4d3eaef85097c7f152463f0a2086ab33879a4926de234773d.jpg,porn,NSFW,vit_freepik_eva02,0.999800443649292,NSFW,676.88297899997
/workspace/raw_data/drawings/47fe5ee78eb2662aa9450a70a4d1d81e1537ff6757709af239f0a1cfa4d07998.jpg,drawings,SFW,vit_freepik_eva02,0.0038029791321605444,SFW,672.4976759999208
/workspace/raw_data/sexy/1f513224ed3db839be40f46aeeae746b1ec0aff4743e34b5face9e2bd4e34520.jpg,sexy,NSFW,vit_freepik_eva02,0.9996621012687683,NSFW,683.7233059999335
/workspace/raw_data/neutral/f2080f79081cea9e7e287793ff4750a265044fbabec6ba28a26255f16125bd73.jpg,neutral,SFW,vit_freepik_eva02,0.9064753651618958,NSFW,673.4935680000262
/workspace/raw_data/sexy/d4f3440e60187dd21d490332efc9763e070050e4c952b9068f83adfb94873bc7.jpg,sexy,NSFW,vit_freepik_eva02,0.9981199502944946,NSFW,677.4645000000419
/workspace/raw_data/porn/6ea33eaae114dfb1c7f9fec1f854212061c357399b90b32e05bfa812b5c690c7.jpg,porn,NSFW,vit_freepik_eva02,0.9959251284599304,NSFW,672.155220000036
/workspace/raw_data/hentai/5234030.jpg,hentai,NSFW,vit_freepik_eva02,0.9999996423721313,NSFW,668.8018590000411
/workspace/raw_data/drawings/8719c73aa8d5c2e70bcd072cacc8518ee7413295137e0413c3c936b20789ef0e.jpg,drawings,SFW,vit_freepik_eva02,0.0005133278900757432,SFW,686.19013
/workspace/raw_data/hentai/11e050259743017a892b96403595bc576b136f74a623e9bd99f2f9594970f7f5.jpg,hentai,NSFW,vit_freepik_eva02,0.9999969005584717,NSFW,682.7772629999345
/workspace/raw_data/hentai/93609012_p0_master1200.jpg,hentai,NSFW,vit_freepik_eva02,0.9981735944747925,NSFW,666.6387260000874
/workspace/raw_data/hentai/81650294_p0_master1200.jpg,hentai,NSFW,vit_freepik_eva02,0.40153199434280396,SFW,668.7080500000775
/workspace/raw_data/hentai/9df07b0c55d8c723b0fe4f40abf34de09a87eb521c448426a21099b7ddf41fb2.jpg,hentai,NSFW,vit_freepik_eva02,0.998502790927887,NSFW,668.3551110000963
/workspace/raw_data/porn/a2c6c06d02923f78b234bd079a1a9331c5a2050d0e12f85d7f55b9447a211330.jpg,porn,NSFW,vit_freepik_eva02,0.9999999403953552,NSFW,672.0847120000144
/workspace/raw_data/drawings/149d68ff00db5262c6d66ccadc8a6b49bbf4a62a03b0489adba5d412ef14edfe.jpg,drawings,SFW,vit_freepik_eva02,0.023845674470067024,SFW,673.1705300001067
/workspace/raw_data/neutral/3eb5280bce43e78d8354c06799fae10346ea4ff1bb7bde4db07049f918bb831b.jpg,neutral,SFW,vit_freepik_eva02,0.3212088942527771,SFW,670.7199649999893
/workspace/raw_data/porn/ed5e90b8053c4718e5975db8c21636bf717ce2898f00713a1be651b2cfb94044.jpg,porn,NSFW,vit_freepik_eva02,0.9999985694885254,NSFW,672.6900019999675
/workspace/raw_data/porn/886e0f90a70b1a084dbf6a38a5a480dd52bc8e3bed7be6301104274c7f58db88.jpg,porn,NSFW,vit_freepik_eva02,0.9999983310699463,NSFW,678.9853040000935
/workspace/raw_data/sexy/b049adca73899987329b195fd04d71f25aeb9638aa594701eb7f3463bcbf9265.jpg,sexy,NSFW,vit_freepik_eva02,0.9970606565475464,NSFW,684.6542189999809
/workspace/raw_data/neutral/21a57f75d6334579c530575725a96cc7ea2755c8ed1cd4b420eec6f05e30a832.jpg,neutral,SFW,vit_freepik_eva02,0.016117339953780174,SFW,668.7209919999759
/workspace/raw_data/drawings/f9b61cd5b35d3c94ed7336368f70e2afc8d1e77db1c1ade589e3adcc99e1e557.jpg,drawings,SFW,vit_freepik_eva02,0.0002016317448578775,SFW,673.829445000024
/workspace/raw_data/drawings/ccf8c22ba51eb995e839d51542103086cf7d712592511979b5ced7be8fc734cc.jpg,drawings,SFW,vit_freepik_eva02,0.0002150240761693567,SFW,679.8094929999934
/workspace/raw_data/porn/1e8261ad973f63301d621dc5be59d89de3ba5089b5922b8b734c096b65629190.jpg,porn,NSFW,vit_freepik_eva02,0.9992328882217407,NSFW,670.830419999902
/workspace/raw_data/porn/9440b8dd44acac63e7809ff80c9044276ce1a21e0fc4ee6fa14a7f5d453e86fd.jpg,porn,NSFW,vit_freepik_eva02,1.0,NSFW,673.799841999994
/workspace/raw_data/drawings/cbb7560118f8a06813c2bf2cc990a2225d4750bb80b305808542e51847973ba8.jpg,drawings,SFW,vit_freepik_eva02,0.08934783190488815,SFW,669.7527029999719
/workspace/raw_data/sexy/bb144ee493f60135f9efe76f388a4d7ef4c7064fe56c92165587317c2ef30951.jpg,sexy,NSFW,vit_freepik_eva02,0.9964183568954468,NSFW,682.4881840000216
/workspace/raw_data/sexy/12633009949b38941ccf21edbb652de7bae934d16cbd6233e5714805f59bb1bc.jpg,sexy,NSFW,vit_freepik_eva02,0.9995028376579285,NSFW,669.5057759999372
/workspace/raw_data/neutral/71a69c9b2a19fe36be48cbd8387729df88dbe2acd0cd43929f76154bf74b44fe.jpg,neutral,SFW,vit_freepik_eva02,0.9984509944915771,NSFW,672.9346480000231
/workspace/raw_data/sexy/2f2ed4804a99b37fd0b04b385ab2b08e3ef7eba5a6b2ebc6ffe27221fa10436c.jpg,sexy,NSFW,vit_freepik_eva02,0.9995128512382507,NSFW,671.4545869999711
/workspace/raw_data/porn/42d0a64dfaa480b9d9e15d950c7e706b9ae96d19b9c47e6cfc7061bfde136701.jpg,porn,NSFW,vit_freepik_eva02,0.9999713897705078,NSFW,677.7034749999302
/workspace/raw_data/sexy/5e0151fecd4eef95f5e66e74c59e5e678c4dce6ef3c2ecc7edc7270a646142ea.jpg,sexy,NSFW,vit_freepik_eva02,0.9999961853027344,NSFW,670.621911000012
/workspace/raw_data/sexy/67a0fa25d5ba0bc789f13b1af229c95e66fb408152fbd5138408ca2f02cd0afd.jpg,sexy,NSFW,vit_freepik_eva02,0.9998669028282166,NSFW,671.1717549999321
/workspace/raw_data/hentai/2059c6e0dd92802927e4ac5ca12927c37d2c920f344a5ec7a640f76e6dcb30d7.jpg,hentai,NSFW,vit_freepik_eva02,0.9741300344467163,NSFW,675.0453630000948
/workspace/raw_data/drawings/b8399c509d15f316e49d60c7986c076f4fb10135dba2237238891622fff7a7ed.jpg,drawings,SFW,vit_freepik_eva02,0.003046132856979966,SFW,669.445216999975
/workspace/raw_data/drawings/93d37fd58b78ebc61213a128ce0eddeea9a20a1982d235558f79f4f4559ec902.jpg,drawings,SFW,vit_freepik_eva02,0.030508141964673996,SFW,673.133711000105
/workspace/raw_data/hentai/2697460.jpg,hentai,NSFW,vit_freepik_eva02,0.9999731183052063,NSFW,670.0495649999993
/workspace/raw_data/neutral/90d4dc7746868dd366204a95123b412951dbb36e52ba4d59096db58839e19b85.jpg,neutral,SFW,vit_freepik_eva02,0.00240572402253747,SFW,669.760741999994
/workspace/raw_data/porn/a93ccfdb2864daddaf190ca4b337bd9aacbf9ffd5269da46c3244e394c15c63c.jpg,porn,NSFW,vit_freepik_eva02,0.9999999403953552,NSFW,690.1531659999591
/workspace/raw_data/neutral/4490e4496d5874a7d30170341c16241704f164b9d6574ad93dedae645de496b0.jpg,neutral,SFW,vit_freepik_eva02,0.015643851831555367,SFW,681.1098460000267
/workspace/raw_data/sexy/fa1ec46f440287b04dce02945143323f482ce71ce45a6da7c6a6891a0787d8c9.jpg,sexy,NSFW,vit_freepik_eva02,0.99397873878479,NSFW,675.503813999967
/workspace/raw_data/sexy/a9f84d1f1d7b8cd7f60155698373bdae4a5c0a5f6d4707aed52e6caef26d4fa8.jpg,sexy,NSFW,vit_freepik_eva02,0.9999886751174927,NSFW,674.3931299999986
/workspace/raw_data/hentai/83676299_p0_master1200.jpg,hentai,NSFW,vit_freepik_eva02,0.9997477531433105,NSFW,675.1731119999249
/workspace/raw_data/neutral/f541785a1d5e861d567c608206897e404432cf27dcf7b44e5d10bc08aafd8c58.jpg,neutral,SFW,vit_freepik_eva02,0.0020626916084438562,SFW,684.8731229999885
/workspace/raw_data/porn/06ead0062fbee8b607f6ca31574675d08e17e1bc530d2e0ab2b3df804dcb3a67.jpg,porn,NSFW,vit_freepik_eva02,1.0,NSFW,678.5438619999695
/workspace/raw_data/hentai/5278354.jpg,hentai,NSFW,vit_freepik_eva02,0.7673372030258179,NSFW,675.1941139999644
/workspace/raw_data/sexy/0b5af6f7caef5ebf9349beab5f6a004c28fb99354ae2480fb8afc8a902298553.jpg,sexy,NSFW,vit_freepik_eva02,0.9998207092285156,NSFW,674.8144739999589
/workspace/raw_data/neutral/9e92dfb25ed381ef48e0db797e70d2fee09e82b6ade116450597b42093ae4fc7.jpg,neutral,SFW,vit_freepik_eva02,0.0015324708074331284,SFW,674.8463770001081
/workspace/raw_data/neutral/c0025b4d7781bdc74aac47a5559ddf801fb7aadee4101d9775b4ba024e675673.jpg,neutral,SFW,vit_freepik_eva02,0.09067296236753464,SFW,684.5577899999853
/workspace/raw_data/porn/bbc5c95a46015ea549ba5065dcd2bc933c6061154f3b806f58ade3b54693d2db.jpg,porn,NSFW,vit_freepik_eva02,0.9999976754188538,NSFW,675.963394000064
/workspace/raw_data/porn/b01927af3a2f676857b9518cdcd78c4c76b844bf906a1073e52ababb4540e70d.jpg,porn,NSFW,vit_freepik_eva02,0.9999998211860657,NSFW,674.0322919999926
/workspace/raw_data/porn/321c64d384fdfc3818aafebb374371b1d5fa60464cf3261dd39ee8cead16fe39.jpg,porn,NSFW,vit_freepik_eva02,0.9999775886535645,NSFW,681.0368229999995
/workspace/raw_data/porn/c9ebbb801271b25dacd16978082176898dcab35680d9a2da369d1df591a600b9.jpg,porn,NSFW,vit_freepik_eva02,0.9999999403953552,NSFW,679.1364389999899
/workspace/raw_data/drawings/3901d978fceb487087eefac8e40e054a881095254f2b111f4da32ba6df80e4f0.jpg,drawings,SFW,vit_freepik_eva02,0.0002481827395968139,SFW,674.762193000106
/workspace/raw_data/porn/30ec3b55c8dfeeb904cc838f7383f4b05fe28d7eb8111ea14d2fa1f918e81471.jpg,porn,NSFW,vit_freepik_eva02,0.9999998211860657,NSFW,677.1702519999963
/workspace/raw_data/porn/c71ba7e1125be1f608c4ac2a159624abc052286e09f8d90eb3dea47962cc1153.jpg,porn,NSFW,vit_freepik_eva02,0.9999914765357971,NSFW,680.8981519999406
/workspace/raw_data/drawings/975208b0d40633ca491333edc0e71b35049e7a917dc33ef447ad4019e6ae1f2d.jpg,drawings,SFW,vit_freepik_eva02,0.014118080958724022,SFW,686.9968080000035
/workspace/raw_data/sexy/5bf510a6795fc9a5be73a861a7cce7ea4ba9c5ab29c4f66f93c6b30baa444ed0.jpg,sexy,NSFW,vit_freepik_eva02,0.9967338442802429,NSFW,674.4614600000887
/workspace/raw_data/sexy/6e6347fb34d5928b89cc824d588628b35c500fcb4a24d22d3f48ae3170bb6285.jpg,sexy,NSFW,vit_freepik_eva02,0.9813793301582336,NSFW,675.3618570000981
/workspace/raw_data/hentai/2333278.jpg,hentai,NSFW,vit_freepik_eva02,0.9485943913459778,NSFW,675.7209959999955
/workspace/raw_data/sexy/a5fca23be8cf390d18032fbbc57496e45c9621b71004476ba77ecb3cb1988c18.jpg,sexy,NSFW,vit_freepik_eva02,0.9930340051651001,NSFW,677.5059870000177
/workspace/raw_data/porn/a81d18651ea0b657b0c8dd6231e45e8edf1ee8a4222ff67b51b6cd7194a1b7ab.jpg,porn,NSFW,vit_freepik_eva02,0.9999869465827942,NSFW,675.8825119999301
/workspace/raw_data/hentai/1010169.jpg,hentai,NSFW,vit_freepik_eva02,0.13819441199302673,SFW,674.1160230000105
/workspace/raw_data/drawings/c884f22eec53377b053aa9e60b819eeee541552db06d19edbb4722c80b590348.jpg,drawings,SFW,vit_freepik_eva02,0.008062106557190418,SFW,679.9992549999843
/workspace/raw_data/sexy/6c7fd81dcf5879e7d9d929dbf7a9ca27163985cc72b3db0f8e8a1cf0e7c5d0df.jpg,sexy,NSFW,vit_freepik_eva02,0.9903596043586731,NSFW,690.8010070000046
/workspace/raw_data/hentai/3245276.jpg,hentai,NSFW,vit_freepik_eva02,0.9974061250686646,NSFW,679.7674209999514
/workspace/raw_data/hentai/99301556_p0_master1200.jpg,hentai,NSFW,vit_freepik_eva02,0.866923451423645,NSFW,676.2345409999853
/workspace/raw_data/drawings/1dc46daab5bcf44f9daa12343b2b43f272f9b68ba44246d675a327de338b394f.jpg,drawings,SFW,vit_freepik_eva02,0.013632436282932758,SFW,674.0415040000016
/workspace/raw_data/porn/8bb4e81a92b3d16f35cefd84c47e4a58d5f5aaa99f3dfa6547efb51299c7479d.jpg,porn,NSFW,vit_freepik_eva02,0.9999988675117493,NSFW,677.5615829999424
/workspace/raw_data/hentai/479aa6c72aa7b1a0805184b1d1845c8ad6cc1a5ba2580b57d31f5594e8f3c74a.jpg,hentai,NSFW,vit_freepik_eva02,0.9997768998146057,NSFW,691.0041280000314
/workspace/raw_data/neutral/7f27156d52e7e5bdcdcadaa7f7aabb3469ad83bb203c5a2bfb71f880f7d99fc5.jpg,neutral,SFW,vit_freepik_eva02,0.00022356271801982075,SFW,693.1921639999246
/workspace/raw_data/hentai/90160577_p5_master1200.jpg,hentai,NSFW,vit_freepik_eva02,0.9994398355484009,NSFW,671.6440459999831
/workspace/raw_data/hentai/6131651.jpg,hentai,NSFW,vit_freepik_eva02,0.9989688396453857,NSFW,675.3642470000614
/workspace/raw_data/drawings/114ed3474e1c0a0020afaef5bbf6a2192070e3f3de40ef2ef560d5891e9fe7bc.jpg,drawings,SFW,vit_freepik_eva02,0.07723565399646759,SFW,680.5898079999224
/workspace/raw_data/drawings/b430a0bd40e6d0357bd1eecd9ea2f2b51de023ca882ec6ea7219a76bfde303d7.jpg,drawings,SFW,vit_freepik_eva02,0.0002016542130149901,SFW,678.0215329999919
/workspace/raw_data/neutral/a76e2ab4219a816a43ee2f610ac02b5eb11a8894d5af76b27c7111a79cbd7f0d.jpg,neutral,SFW,vit_freepik_eva02,0.0039926739409565926,SFW,681.9915670000682
/workspace/raw_data/sexy/c2d0e3b62cf8b818587aba96b14562e7380169a50ddae8c3d0cd38f2c5066c04.jpg,sexy,NSFW,vit_freepik_eva02,0.9990715980529785,NSFW,684.573425999929
/workspace/raw_data/neutral/2291d7486d63c30c7ecc05de1f3cc869c72b5bec74ee3846514a733609c2abad.jpg,neutral,SFW,vit_freepik_eva02,0.003874293528497219,SFW,675.5391989998998
/workspace/raw_data/drawings/d50b738fb1e64804408c0a0f4dc687f6eafc6dc08231fbb54b2f7eb0cf636d00.jpg,drawings,SFW,vit_freepik_eva02,0.0004892151337116957,SFW,684.1206800000919
/workspace/raw_data/neutral/43183ffac167ad2720e9a0060fc0e1fe664b64f49feb461e7e5bbff26fe2d7dc.jpg,neutral,SFW,vit_freepik_eva02,0.009531107731163502,SFW,684.0244699999403
/workspace/raw_data/drawings/7680de02889248b119cecb766ae0bc59abd0542b35183d29d5db8343394ea2b9.jpg,drawings,SFW,vit_freepik_eva02,0.0008838135981932282,SFW,684.0502730000253
/workspace/raw_data/drawings/e186c152ded9d961fa189b21529342318db927fb6ac2e5d168a4efec721991fa.jpg,drawings,SFW,vit_freepik_eva02,0.0004819680762011558,SFW,677.7712269999938
/workspace/raw_data/hentai/70357309_p0_master1200.jpg,hentai,NSFW,vit_freepik_eva02,0.9999995231628418,NSFW,682.4353060000021
/workspace/raw_data/porn/c18bcf588f87b2e957341e105b16a5654a57e09418745614c0262a09cc88a26a.jpg,porn,NSFW,vit_freepik_eva02,0.9999998211860657,NSFW,679.9526510000078
/workspace/raw_data/neutral/5afe03138d4de2e08dc9b2ba13322b047dd8329ec0c4ff6b9b81389fa71184d5.jpg,neutral,SFW,vit_freepik_eva02,0.0008852664614096284,SFW,675.4490879999366
/workspace/raw_data/porn/37b3aeadf19e46ee4adabfd1e5deff0e1cf41443e8f9e5de1c726bd1f6474322.jpg,porn,NSFW,vit_freepik_eva02,0.9999946355819702,NSFW,683.9504629999738
/workspace/raw_data/sexy/e191f9fd5b0880de6c448456d370db516bd1fa5e62944c7205052267011b71b5.jpg,sexy,NSFW,vit_freepik_eva02,0.9981078505516052,NSFW,685.090298000091
/workspace/raw_data/sexy/51f6dfb3e404c12ce541395423b9d7b4e4ae37c748d9e99fa671a663907ab8c6.jpg,sexy,NSFW,vit_freepik_eva02,0.9971315860748291,NSFW,681.3645769999539
/workspace/raw_data/hentai/e1f6387a3a3fc5091a3cca661630415a22e635ae497683b1b7dfa42f6f98dbab.jpg,hentai,NSFW,vit_freepik_eva02,0.9648516774177551,NSFW,678.4955350000246
/workspace/raw_data/hentai/730323.jpg,hentai,NSFW,vit_freepik_eva02,0.6599377989768982,NSFW,675.4479780000793
/workspace/raw_data/hentai/3204782.jpg,hentai,NSFW,vit_freepik_eva02,0.9999715089797974,NSFW,677.020309999989
/workspace/raw_data/drawings/60c7e464302646f0fa5d94defbbb48513ad1a1878f083f9a28f575dc7a049382.jpg,drawings,SFW,vit_freepik_eva02,5.8811099734157324e-05,SFW,681.7193079999697
/workspace/raw_data/porn/767dc689ad4c33b7f32fe5b5ce9e6ecb8fd4bf660cc94f5b8081345ef21bf7d4.jpg,porn,NSFW,vit_freepik_eva02,0.999963104724884,NSFW,675.0510440000426
/workspace/raw_data/porn/ad34a63419c17cd3c2435c5d790e225eba30fa3b652393a4b0b5f7d868cad91f.jpg,porn,NSFW,vit_freepik_eva02,1.0,NSFW,679.2276969999875
/workspace/raw_data/sexy/6c054beca48768e199af10d5c135e6b009196ac23092e7143fc7f70c5ae10a01.jpg,sexy,NSFW,vit_freepik_eva02,0.9989560842514038,NSFW,686.7472330000055
/workspace/raw_data/sexy/10b2b74fad373b4a56b70d7aac9d3a58b21bee491c26b544ec0427d089866167.jpg,sexy,NSFW,vit_freepik_eva02,0.9895018935203552,NSFW,678.2688160000134
/workspace/raw_data/neutral/a795ab684100a099435d0c57f33c89a5c0b2c5d84d82211447f9cb2bb7c6b7c3.jpg,neutral,SFW,vit_freepik_eva02,0.017726793885231018,SFW,674.4195910000599
/workspace/raw_data/hentai/69085025_p0_master1200.jpg,hentai,NSFW,vit_freepik_eva02,0.9999993443489075,NSFW,665.7149549999986
/workspace/raw_data/drawings/4b52141316710b890a3f5c1f6a8081c414c2720de2bbdccd502e054bb925b403.jpg,drawings,SFW,vit_freepik_eva02,0.001589551568031311,SFW,692.8966750000427
/workspace/raw_data/porn/64233f7d792c1af6e95cf4eb89a1ab93feab38f97ab28f5025c2fc5aa26a96d2.jpg,porn,NSFW,vit_freepik_eva02,0.999998152256012,NSFW,683.1141039999693
/workspace/raw_data/drawings/5c1cb8136fb791b30cdc537990a123381405e48e05d811a677a8bd82d597e45c.jpg,drawings,SFW,vit_freepik_eva02,0.04204316437244415,SFW,671.7038670000193
/workspace/raw_data/porn/bd78dfc5e4ac0ca0cfec8c8d47951694edcbf643cf73c06a2ab39eacba43cd59.jpg,porn,NSFW,vit_freepik_eva02,0.9999994039535522,NSFW,685.3464449999365
/workspace/raw_data/drawings/de0ccf8de714b51de3bde0bb846b8213614d09aba69de879b9e92f63301079e6.jpg,drawings,SFW,vit_freepik_eva02,0.00040999241173267365,SFW,678.8754449999033
/workspace/raw_data/drawings/a69d247ecf173bd32cedceb03f4e2a0ff1b2caa93958ed48fc0a65cf824d4310.jpg,drawings,SFW,vit_freepik_eva02,0.00992465578019619,SFW,695.4983450000327
/workspace/raw_data/porn/7d5939d9b79f8130fbc8cb04f9a9172c9c941a6ac01add111abd21c8ad88e290.jpg,porn,NSFW,vit_freepik_eva02,0.9999996423721313,NSFW,680.4263129999981
/workspace/raw_data/sexy/0b15b69e66f5a4579c9309faeaffc9fa462ecc5ed3b117f847225ad7b408b600.jpg,sexy,NSFW,vit_freepik_eva02,0.9999986290931702,NSFW,678.3746899999414
/workspace/raw_data/drawings/ab48825053f901b7186e29320e3c7f74a81676200730a6225e970b56d3419457.jpg,drawings,SFW,vit_freepik_eva02,0.002124750055372715,SFW,682.6192500000161
/workspace/raw_data/neutral/e721725ed2a9ab3b010febf05785a02e6a3fefa47ac567d35bedb34def1fbcca.jpg,neutral,SFW,vit_freepik_eva02,0.8190940618515015,NSFW,698.6318849999407
/workspace/raw_data/drawings/1660174a7854d9126eadd3ee0bca3af331b15e225c67cb283d91ce4b076faa82.jpg,drawings,SFW,vit_freepik_eva02,0.00013977425987832248,SFW,691.7880439999635
/workspace/raw_data/porn/44e695153773cc8c0b3523308e8c48cfae9e8315eb95fc3a32b5372542a2236d.jpg,porn,NSFW,vit_freepik_eva02,0.9997845888137817,NSFW,681.428062000009
/workspace/raw_data/drawings/49c4901be3ef3be3b9f87186d1f5fface5f057f277818644a70405207ca5bca9.jpg,drawings,SFW,vit_freepik_eva02,0.007235226221382618,SFW,676.9604570000638
/workspace/raw_data/sexy/67d659a36569299ca5ed45837c6ffd3a143dc257736f61c8ca45fecb3918a686.jpg,sexy,NSFW,vit_freepik_eva02,0.9971809983253479,NSFW,678.1948889999967
/workspace/raw_data/sexy/bad80a29dfe1f14af1289d15dfbe96a2584db669d3457f392bcb85f0d4ba6aa7.jpg,sexy,NSFW,vit_freepik_eva02,0.9616963863372803,NSFW,678.8368579999542
/workspace/raw_data/sexy/ea4a3bea934fccea02d0c7deccbfc658a093f1dce68e6c3264ed1af7dc2125f5.jpg,sexy,NSFW,vit_freepik_eva02,0.9999309182167053,NSFW,677.266689000021
/workspace/raw_data/drawings/58b49b4964d2f20288020ad1cbbf03b65ac7e0f2b876f0efbcf8221f89f912ea.jpg,drawings,SFW,vit_freepik_eva02,0.0031208600848913193,SFW,677.6248280000345
/workspace/raw_data/hentai/5448519.jpg,hentai,NSFW,vit_freepik_eva02,0.17742830514907837,SFW,677.1485770000254
/workspace/raw_data/porn/7f97e89a6b0a117e74a029f7cb47302e0e2f3c4bf2576ee66565e8c2dcba3ad3.jpg,porn,NSFW,vit_freepik_eva02,1.0,NSFW,679.348012000105
/workspace/raw_data/porn/c91f7ad8456b8ef2654ce55640ef8d8109a644c826f416d5b7668b62bf096d61.jpg,porn,NSFW,vit_freepik_eva02,0.9999971985816956,NSFW,681.7376680000962
/workspace/raw_data/drawings/0631f7333e0138815dfb4f4054185a5568b52490cf05d6383d099a604fcc45d0.jpg,drawings,SFW,vit_freepik_eva02,3.759001265279949e-05,SFW,676.2225779999653
/workspace/raw_data/drawings/c7c4db057ffee070dc66a2e3db554aaa56077748a2c1498b99adbf27ed92983a.jpg,drawings,SFW,vit_freepik_eva02,0.003622448304668069,SFW,678.259495999896
/workspace/raw_data/porn/3b2a6b6133056dccbf04e58bc041774b6fb71a99a43a1c5dca6a27c423cedb2f.jpg,porn,NSFW,vit_freepik_eva02,0.9999995827674866,NSFW,682.8319859999965
/workspace/raw_data/hentai/69adaae42d208e291ca8a308c57176d88ce803abb3f4f7f4995ffbd9545d7b2d.jpg,hentai,NSFW,vit_freepik_eva02,0.9999997615814209,NSFW,682.0482950000724
/workspace/raw_data/hentai/86955079_p0_master1200.jpg,hentai,NSFW,vit_freepik_eva02,0.9999988675117493,NSFW,680.2541690000226
/workspace/raw_data/porn/d095ce893a8ebef17e9634210561120fa042a0cb880265a2a75bf001305b3c57.jpg,porn,NSFW,vit_freepik_eva02,1.0,NSFW,675.9250669999801
/workspace/raw_data/hentai/85123654_p2_master1200.jpg,hentai,NSFW,vit_freepik_eva02,0.9996867775917053,NSFW,684.9382940000623
/workspace/raw_data/sexy/84125c10f7d92289fdb12f82052aed4a831f4870601d2e81b649877e207af441.jpg,sexy,NSFW,vit_freepik_eva02,0.9983214139938354,NSFW,681.1751320000212
/workspace/raw_data/porn/3618082a7db9cc36ce11ae7a7e57800e9e2e13bb200adb27a1db2c7ac94e5b3d.jpg,porn,NSFW,vit_freepik_eva02,0.999999463558197,NSFW,674.4607650000489
/workspace/raw_data/sexy/324ea4f4e7710d4635957f46001f939c4aa70135eba0da6354c0e5e625960a9c.jpg,sexy,NSFW,vit_freepik_eva02,0.9989923238754272,NSFW,684.1621390000228
/workspace/raw_data/hentai/737549b46d6e6a923661cf29c1b00edc948a2e0f44df527e8776fd2dfe942fa2.jpg,hentai,NSFW,vit_freepik_eva02,0.9685062170028687,NSFW,690.8164019999958
/workspace/raw_data/drawings/01d5e316745ca06c77e7ceb60349e1ec91792dd2a8f8df5945a79bc6fec2b624.jpg,drawings,SFW,vit_freepik_eva02,0.01074147503823042,SFW,681.9477860000234
/workspace/raw_data/drawings/f7f39609f34a91e086e912abfac5292419b83999eef665230306a306d194441d.jpg,drawings,SFW,vit_freepik_eva02,0.0006387813482433558,SFW,679.7612340000114
/workspace/raw_data/drawings/9299c128c420f5322e15a5cb0be541871d48679dd2dd7c8475ce820b8f62d5ee.jpg,drawings,SFW,vit_freepik_eva02,0.7341480851173401,NSFW,678.2501290000482
/workspace/raw_data/drawings/d59755314803e031fe472e2d3081df12f42ae86020d3fb25a554bb4017b01543.jpg,drawings,SFW,vit_freepik_eva02,0.0046251146122813225,SFW,679.5409860000063
/workspace/raw_data/porn/cef0cc88b226f86900b9e8e6c6d9711f0264b20e87ce6752f20baa382befcfe6.jpg,porn,NSFW,vit_freepik_eva02,0.9999999403953552,NSFW,685.149368999987
/workspace/raw_data/sexy/b04243b44c2e1eb852a4ffd3fc5e208040c4394a9d09d1c515c098c039b5b4fc.jpg,sexy,NSFW,vit_freepik_eva02,0.9990257024765015,NSFW,679.0114249999988
/workspace/raw_data/hentai/fab6a300065fed0c15e360b41b131f24c77ba34b8055c49b4ec05209c597f259.jpg,hentai,NSFW,vit_freepik_eva02,0.9999901652336121,NSFW,682.0715449999852
/workspace/raw_data/drawings/4d6c89d7f9372f21be1fcceffb9c51c81abb561e0f0bc8d777ab3c048a0f5f79.jpg,drawings,SFW,vit_freepik_eva02,0.0018576261354610324,SFW,677.6501819999794
/workspace/raw_data/sexy/479d86305ff35c7fc2b4d77c85a4c152bd6d54bc2f8b4d6f362ab93a8abc5bc0.jpg,sexy,NSFW,vit_freepik_eva02,0.9958392977714539,NSFW,675.733881000042
/workspace/raw_data/drawings/d870e8d864942b2bbff2746994a20be863976fe5f0d30fe3597647bad1a66b9b.jpg,drawings,SFW,vit_freepik_eva02,0.0027243252843618393,SFW,686.5496149999899
/workspace/raw_data/sexy/94489d81a5f9598a9681ce8967110e4ea23eaf5578d19225fcb098d57a3279bf.jpg,sexy,NSFW,vit_freepik_eva02,0.9797272682189941,NSFW,675.6513719999475
/workspace/raw_data/sexy/016a64e63392f54334b7e2c4061fb4b26202b10490ebc8c56a9a603ea78a5912.jpg,sexy,NSFW,vit_freepik_eva02,0.9999275207519531,NSFW,678.6762890000091
/workspace/raw_data/neutral/4701ffe826cdd1f768c96d98c01823db5ccd377220844591fdaabbb27698f069.jpg,neutral,SFW,vit_freepik_eva02,0.0014311978593468666,SFW,679.2560499999354
/workspace/raw_data/sexy/f88815d96ebb51e8136d0acb2877b8507c467e283ba68542fc4370eebfc05eff.jpg,sexy,NSFW,vit_freepik_eva02,0.9955281615257263,NSFW,680.0969380000197
/workspace/raw_data/hentai/78528183_p1_master1200.jpg,hentai,NSFW,vit_freepik_eva02,0.37764987349510193,SFW,686.1037690000558
/workspace/raw_data/porn/8eb6bf86c2a5f3f767efef0220705d78da84763d43197b347ef1d5e5c3e1ae4f.jpg,porn,NSFW,vit_freepik_eva02,0.9999966025352478,NSFW,687.9424069999232
/workspace/raw_data/neutral/e383b7fdf5ec96c4fb9c8f13ce515b74e0845610090912d2fd30c3adc202c417.jpg,neutral,SFW,vit_freepik_eva02,0.0015696908812969923,SFW,675.8044409999684
/workspace/raw_data/drawings/e717ccb2f2e8bc25590577dfbe6535753cfb6d259398753457c3c6ca60f05e85.jpg,drawings,SFW,vit_freepik_eva02,0.0002256823208881542,SFW,676.381001999971
/workspace/raw_data/drawings/a355e00751a352d81e90dcfb9e23c61bd0ef88a81ea934092eef0a45582ee82d.jpg,drawings,SFW,vit_freepik_eva02,0.0070378659293055534,SFW,673.8924399999178
/workspace/raw_data/hentai/e41f19f9951606d5c5b6f1826e41630a610ae7fc03113dca9285f601f408b57f.jpg,hentai,NSFW,vit_freepik_eva02,0.9329821467399597,NSFW,677.0407699999623
/workspace/raw_data/sexy/3bac446938bc9efc41f89a0aefb6588738015b34961560590b14d0a796aa9f7d.jpg,sexy,NSFW,vit_freepik_eva02,0.9982956051826477,NSFW,684.1420160000098
/workspace/raw_data/sexy/a4e65a8df1de8d092da20787164b584ebefbac570c7ef1fdd5215a8dd09b0cdf.jpg,sexy,NSFW,vit_freepik_eva02,0.9999972581863403,NSFW,678.8077559999692
/workspace/raw_data/sexy/6163260265a7c83d830db63b56e0b8826f2c4c68ad3167b7c9c294000775ff4c.jpg,sexy,NSFW,vit_freepik_eva02,0.9979894757270813,NSFW,682.7072649999764
/workspace/raw_data/porn/c347d937ef57b6baf148620a26513fe6cb66fff4de1cbb1efaeffcc9a83f94b5.jpg,porn,NSFW,vit_freepik_eva02,0.9999997019767761,NSFW,682.7464689999942
/workspace/raw_data/porn/d7c2e46ee46ea119f7b0fb767975f178284dc86c7ae6c179dfb3ed6a379f2d91.jpg,porn,NSFW,vit_freepik_eva02,0.999999463558197,NSFW,690.5071840000119
